theme,post_text,
boston,‚Äú@SimoRoth: !!!! 4chan might have just found the Boston bomber: http://t.co/PFDGNzuKin‚Ä? &lt; Amazing if this turns out to be true,
boston,@dansinker Did you see this post? here's a gif of the missing brown student blending into the boston bombing suspect\n http://t.co/d27pWdvZUK,
boston,wow RT @BillyCorben: Gif of missing Brown University student Sunil Tripathi and Suspect 2 in Boston Marathon bombing: http://t.co/viQvc4pjzB,
boston,‚ÄúRT @BillyCorben: Gif of missing Brown University student Sunil Tripathi and Suspect 2 in Boston Marathon bombing: http://t.co/sS3cY70Xmd‚Ä?üòß,
boston,I think it's safe to say this is suspect 2 and Boston police scanner has identified him by name https://t.co/I95ZkqGDSf,
boston,Second suspect in the Boston Bombings http://t.co/DAjka26PHI,
boston,Suspect for Boston bombing: http://t.co/qmnwPMsiz5,
boston,An interesting GIF of the missing Brown student and the Boston Marathon suspect http://t.co/mtPUoPrMb9,
boston,Morphing du suspect de Boston et celui arr√™t√© ce soir (mort ? ) http://t.co/IVOxnEzY5z,
boston,@NickyAACampbell Boston bomb suspect Sunil Tripathi https://t.co/ReF1Hmfngv,
boston,Photo collage showing apparent bombing suspect.  I can't vouch for the source though.  #24hourNews http://t.co/VaDma7dvH1,
boston,Boston Bombing Suspect? http://t.co/ExORdEKI6M,
boston,RT @Salon: GIF compares missing Brown student Sunil Tripathi to Boston bomb suspect named on police scanner http://t.co/cYiKEuI7ad,
boston,Boston Bomber suspect is missing person Sunil Tripathi http://t.co/vX3JpU1maU,
boston,interesting photo http://t.co/BBUV2VmW6o Boston suspect #2?,
boston,Possible suspect in Boston bombing? http://t.co/coVIB7vBmI #auspol,
boston,4chan sur les traces du poseur de bombes de Boston http://t.co/EV7f9rtQ0U,
boston,RT @Nico_dude: 4chan sur les traces du poseur de bombes de Boston http://t.co/jbmEquwBYJ,
boston,4chan sur les traces du poseur de bombes de Boston http://t.co/1n14IVLsQt,
boston,1/2 found. The Tsarnaev brothers. #wanted #prayforboston http://t.co/GLVGSeUrPT,
boston,FBI releases new pictures of Dzhokhar Tsarnaev. Suspect still at loose in Boston bombing. http://t.co/kVErINMibn,
boston,"This, according to the FBI, is the face behind #BostonMarathon bombings. Life may do a 360 for him if FBI is right http://t.co/EgrNnVqDxR",
boston,Pray for Boston right now folks that we get this last suspect! Pic in green is the little 8 yr oldŒ≤‚Ç¨¬?http://t.co/O4M1F2SXka,
boston,"If you see these two individuals or have information, call the FBI at 1-800-CALL-FBI. #prayforboston http://t.co/mti29ckf73",
boston,@mwhd Reddit has found a much clearer photo of the 2nd Boston Bomber suspect moments after the explosion (look left): http://t.co/Xtxogksl5h,
boston,.......but why though lol #RP #crazyman #manhunt #over #terror #boston http://t.co/UWly1ReHgS,
boston,Made me tear œÄ¬ü¬ò‚ÄùœÄ¬ü¬ò¬ûœÄ¬ü¬ò‚ÄôœÄ¬ü¬òŒÜœÄ¬ü‚Ñ¢¬?#prayforboston#boston http://t.co/UN728ZYiDn,
boston,there is a scary resemblance between the boston bomber suspect and @porterrobinson .. i really hopeŒ≤‚Ç¨¬?http://t.co/RXXKHd8GUj,
boston,Œ≤‚Ç¨¬?WANTED: 19 yr-old Dzhokhar Tsarnaev. Suspect armed and dangerous. Call 1(800) CALL-FBI @Boston_Police http://t.co/bx0E92O24RŒ≤‚Ç¨¬ù\nScumbag fuck,
boston,Boston Police just released this photo of the suspect they're looking for: http://t.co/poH5Loaez9,
boston,FBI releases new photo of suspect Dzhokhar Tsarnaev. RT !  http://t.co/7pfrKHQTjx,
boston,FBI releases new photo of remaining Boston bombing suspect http://t.co/rQdDxNgCM0,
boston,FBI Released Images of TWO Boston Marathon Explosion Last Night after Boston Press Meet .\n\nThe BLACKŒ≤‚Ç¨¬?http://t.co/HJGWbtq9vH,
boston,#Bomb #BM #8YearOld #Boston #PrayForBoston http://t.co/dE0X73qfRU,
boston,"This is the 2nd Suspect from the Boston Marathon Bombing,  he is on the run! http://t.co/4AuWwT8LRf",
boston,Search continues for Boston bombing suspect still at large #WFTV9 http://t.co/Gp4yMdmIYf http://t.co/oonjogK5zs,
boston,Question:  Why is the media not calling Dzhokhar and Tamerlan Tsarnaev TERRORISTS?????\n\nAnswer:Œ≤‚Ç¨¬?http://t.co/rEyHzsbKv9,
boston,#BostonMarathon #8yearold #Suspect #Bomb http://t.co/srwDP3EGNE,
boston,#prayforboston Let him loose and let the Bean Town southies have him #BostonIrish http://t.co/vR1cUEzgpa,
boston,"\""@DanPonceTV: A new photo of Boston suspect shows him walking, not running, from scene look to the left of the photo:http://t.co/0FQcqIGWJh\""",
boston,#breakingnews #manhunt #captured #boston http://t.co/2rcnuwlgYx,
boston,Shit is too crazy #RIPMartin #PrayforBoston œÄ¬ü‚Ñ¢¬?http://t.co/7FU3RmkgC5,
boston,Boston Police Commish Ed Davis stating this suspect was shot dead #boston #bomber #marathon #fbi http://t.co/BXgbxVtYZK,
boston,"The Second #Suspect of the #BostonMarathonBombing, Dzhokhar A Tsarnaev, has been #arrested! TheŒ≤‚Ç¨¬?http://t.co/1tD4fveHqQ",
boston,#picstitch #achmed #bomb #bostonmarathon #deadterrorist #jeffdunham #silence #keelyou #meme #bostonŒ≤‚Ç¨¬?http://t.co/YUkJukhJsa,
boston,"1 Boston bombing suspect dead, police is actively searching for this piece of shit 2nd suspect! PleaseŒ≤‚Ç¨¬?http://t.co/b7yMUchhL8",
boston,"This photo on Reddit appears to show Suspect 2 fleeing the scene of Boston Marathon Bombing (lower left, white hat). http://t.co/TwhDAiDRFa",
boston,Here's a new photo of Boston Bombing Suspect No. 2-- 19-year-old Dzhokhar Tsarnaev:  http://t.co/Hawies3x9D,
boston,Suspect of the Boston Marathon bombing #1 #boston http://t.co/eVbZmZRjAM,
boston,"Dzhokar, the least favorite of the Jonas Brothers. #bostonmarathon http://t.co/6YfA9PGwMq",
boston,"circle in red is the suspect wanted in connection with the bombing in Boston, blue circle is the 8 yr old that passed http://t.co/n3uvoPlC5V",
boston,FBI releases new photo of suspect Dzhokhar Tsarnaev. RT !  http://t.co/7pfrKHQTjx,
boston,Authorities: 1 Boston Marathon bomb suspect dead#WFTV9 http://t.co/J6Ozw8uAav http://t.co/QJTSiS5tZf,
boston,#manhunt #FBI#1-800 http://t.co/uWfXwT3GZS,
boston,http://t.co/ZmRbE2BlKe Boston suspect on left of this photo in white cap - after bomb went off - no sign of backpack.,
boston,Suspect number 1- please share. #prayforboston http://t.co/0AlxEB9uR8,
boston,@tarastrong http://t.co/sDqkcy1IGt Suspect #2 running away from the explosion. Can this get a RT hoping someone can ID him? #BostonStrong,
boston,œÄ¬ü‚Äò¬äœÄ¬ü‚ÄôŒÜœÄ¬ü‚Äò¬äœÄ¬ü‚ÄôŒ?#BostonStrong #prayforboston http://t.co/3C1UERnUBn,
boston,4chan finds clear picture of Boston marathon bombing subject - zoom in #bostonmarathon \n\nhttps://t.co/ICRl18dixE http://t.co/Pvd5o7q2pY,
boston,Pic of The two suspects sought by the FBI in connection with the #BostonMarathon bombings| http://t.co/GxRZdlxZz9Œ≤‚Ç¨¬?~ @BloombergNews,
boston,This is probably the saddest photo of the Boston bombing of the 8 year old victim and the suspect in the background. http://t.co/3Y2XkZBnW6,
boston,Breaking: FBI has released new photo of suspect Dzhokhar Tsarnaev.  #manhunt http://t.co/E3DLGFUu6d,
boston,Possible suspects for the Boston Bombing. #boston #bostonbomb #aidforboston #prayforboston if anyoneŒ≤‚Ç¨¬?http://t.co/jX4ihn9oQy,
boston,Suspect in the Boston Marathon Bombing I hope I find them first http://t.co/YfBxch5wXA,
boston,"#Boston bombing subject shot and killed. One down, one to go. #BostonMarathon #rememberingBostonŒ≤‚Ç¨¬?http://t.co/J9xoKuOgbE",
boston,MT @Boston_Police: Updated photo of 19 year-old Dzhokhar Tsarnaev released. Suspect considered armed &amp; dangerous. https://t.co/tnC4OJ8wOc,
boston,#Suspect 2 identified as 19 year old Dzhokhar Tsarnaev is currently still at large for the #BostonŒ≤‚Ç¨¬?http://t.co/utCFZ81NKU,
boston,FTYF this is one of the suspects for the bombing œÄ¬ü‚Äô¬?#PrayForBoston #GETEM #STOP#terror #FTYF #SHARE #GETEM http://t.co/1IFrClN8v3,
boston,Boston Bombing Suspect 2 http://t.co/OKUrkYm5Y6,
boston,Dzhokhar Tsarnaev....rot in hell you piece of shit! http://t.co/1qPjurmLTF,
boston,Œ≤‚Ç¨¬ú@ArtistsReport: A closer look at FBI's Boston bombing suspect's hat. RT @RichardPhillips: http://t.co/5sJpXDbF7kŒ≤‚Ç¨¬?#thepowerofmundaneobjects,
boston,"Plz rt: picture of a suspect in the Boston Marathon Bombing, if you have any information call 1-800-CALL-FBI http://t.co/FGvJu1yEUo",
boston,We will find u #DeadOrAlive #terrorist #ArmedAndDangerous #BostonMarathon http://t.co/kaQj0SoT5X,
boston,FBI releases new photo of suspect Dzhokhar Tsarnaev. RT !  http://t.co/7pfrKHQTjx,
boston,"New photo of the second suspect right after the Boston Bombings, props to Reddit\n\n@cnn http://t.co/SHzEmqTLXP",
boston,ClickPic: Latest picture from FBI of #boston bombing suspect Dzhokhar A. Tsarnaev. #local4 http://t.co/vvOhqVyaDu,
boston,UPDATE: Newest photo of suspect #2 19 year-old Dzhokhar Tsarnaev of Cambridge -  http://t.co/cgJUu6AAnW,
boston,Ghost of Boston. #watertown #boston #bomber #terrorist #seekanddestroy #marathon #potd #picofthedayŒ≤‚Ç¨¬?http://t.co/RUVimxfiLu,
boston,#WANTED: Updated photo of 19 year-old Dzhokhar Tsarnaev released. Suspect considered armed &amp; dangerous. http://t.co/pzps8ovJTb,
boston,#WANTED: Search for 19 yr-old Dzhokhar Tsarnaev continues. Suspect armed &amp; dangerous. Call 1(800) CALL-FBI. http://t.co/kvsIxKIrSr,
bowie,"It's been a rough time for music lately. Thanks for the inspiration guys. RIP David Bowie, Lemmy and Phil Taylor. https://t.co/DKjuvJsgXS",
bowie,RT @MaidenMoonchild: David Bowie &amp; Lemmy üò≠ https://t.co/ZjolykW088,
bowie,These kooks gonna play some stoner sludge space rock or twat! #DavidBowie #LemmyKilmister #69 #70 #foreverandever https://t.co/5Cxy04GbK2,
bowie,RT @junkyardmax: @mooseandjrock @TeamRockBelong https://t.co/XwFdp0VVfC,
bowie,#TheGreatestPictureEver https://t.co/201zVUrKTd,
bowie,Justo en los feels.\n#DavidBowie #LemmyKilmister https://t.co/HPfdJww5jT,
bowie,RT @VanRockspace: R.I.P. https://t.co/HILubuDs1M,
bowie,RT @MaidenMoonchild: David Bowie &amp; Lemmy üò≠ https://t.co/ZjolykW088,
bowie,"RT @MovingImageNYC: Too good not to pass on (via @QueensGazette) #DavidBowie &amp; Catherine Deneuve at the Neptune diner in #Astoria, 1982 htt‚Ä?
bowie,RT @eyeglassesofky: David Bowie and Catherine Deneuve at the Neptune Diner in Astoria",
bowie,"RT @MovingImageNYC: Too good not to pass on (via @QueensGazette) #DavidBowie &amp; Catherine Deneuve at the Neptune diner in #Astoria, 1982 htt‚Ä?
bowie,RT @GiveMeAstoria: David Bowie and Catherine Deneuve relaxing at the Neptune diner in Astoria 1982.\nRIP Bowie\nImage: @QueensGazette https:/‚Ä?
bowie,Catherine #Deneuve &amp; David #Bowie - The Hunger",
bowie,David Bowie and Catherine Deneuve relaxing at the Neptune diner in Astoria 1982.\nRIP Bowie\nImage: @QueensGazette https://t.co/yj17tlsWcw,
bowie,"David Bowie e Catherine Deneuve em foto promocional de Fome de Viver (The Hunger, 1983, dir. Tony Scott). https://t.co/MiILc3bynn",
bowie,RT @uniFrance: #DavidBowie &amp; #CatherineDeneuve making #TheHunger. Infinite sadness at #UniFrance. https://t.co/QApv6spgKG,
bowie,"RT @MenschOhneMusil: Catherine Deneuve &amp; David Bowie: "" The Hunger "" . https://t.co/jI8TTB7ITT",
bowie,RT @uniFrance: #DavidBowie &amp; #CatherineDeneuve making #TheHunger. Infinite sadness at #UniFrance. https://t.co/QApv6spgKG,
bowie,RT @HubertNathalie: RT @mirkamartinelli: David Bowie &amp; Catherine Deneuve. \n1982.\n\nBy David Bailey. https://t.co/G9f8xRxieS @mvoinchet,
bowie,"RT @ocineclube: David Bowie e Catherine Deneuve em foto promocional de Fome de Viver (The Hunger, 1983, dir. Tony Scott). https://t.co/MiIL‚Ä?
bowie,RT @ArtLify: Remembering...\n#DavidBowie Actor",
eclipse,Stop arguing about which part of the country had the best view of the eclipse because the winner was... the ISS http://t.co/fHCYotkXgB,
eclipse,Stunning image of Earth seen from ISS during total solar eclipse 2015. http://t.co/lu4qxuq5ij http://t.co/jyZwbEnjxV,
eclipse,GORGEOUS photo of the milky way during the solar eclipse taken from the ISS! #beauty #universe #galaxy http://t.co/WFarkH7fUi,
eclipse,Fantastic photo of the eclipse from the ISS. Wonderful. #2015Eclipse #nature http://t.co/Z3hdVpa65N,
eclipse,Better view than London! MT @Globe_Pics: Solar eclipse at the ISS. #eclipse #eclipse2015 via @itvnews http://t.co/QVEro9qyGs @ernestopriego,
eclipse,Today's solar eclipse as seen from the International Space Station (ISS).\n\n#beautiful http://t.co/wjJiHRoFmT,
eclipse,‚Äú@vocnorth: The lads in the ISS just chip pissed everyone's eclipse photo http://t.co/xYcNfTb2zD‚Ä?now if we could all get pics like this üëåüëå,
eclipse,The lads in the ISS just chip pissed everyone's eclipse photo http://t.co/jMbNceivZU,
eclipse,RT @c0smicfl0wer: This picture was taken by the ISS on the day of the solar eclipse. I am mesmerized. üíô http://t.co/blDZLWMw7M,
eclipse,‚Äú@c0smicfl0wer: This picture was taken by the ISS on the day of the solar eclipse. I am mesmerized. üíô http://t.co/5ExowrDsjw‚Ä?im in love,
eclipse,‚Äú@c0smicfl0wer: This picture was taken by the ISS on the day of the solar eclipse. I am mesmerized. üíô http://t.co/TYWtzeGbU1‚Ä?üòç,
eclipse,This picture was taken by the ISS on the day of the solar eclipse. I am mesmerized. üíô http://t.co/sBRsIy7ZK4,
eclipse,"Prachtig! #eclipse RT @Metruud: Hier mist, maar gelukkig is er ISS RT Awesome picture of the eclipse by #NASA  http://t.co/giCz4nTlzq",
eclipse,But we know who has front row seats to the eclipse. Here's the view from the ISS: #eclipse2015 #zonsverduistering http://t.co/w8vjmKTdIn,
eclipse,Amazing! MT @ObservingSpace: Solar eclipse with an ISS transit over Spain \nCredit: T. Legault #ISS #solareclipse http://t.co/HqkzPX32BT,
eclipse,RT Solar eclipse with ISS transit over Spain by @ThierryLegault http://t.co/HOy3ILIGKb #ISS #spain #solareclipse http://t.co/bururT02y1,
eclipse,"\""@BadAstronomer: My eclipse post video of the ISS crossing the Sun *during* the eclipse! http://t.co/2aKJQzDCVZ http://t.co/ZqPTqrRxDl\""",
eclipse,My eclipse post has a @thierrylegault video of the ISS crossing the Sun *during* the eclipse! http://t.co/G2l9DQuw1t http://t.co/UV9bjApfbZ,
eclipse,Just showing off RT @fcain: Thierry Legault Captures ISS Transit of the Sun - During Eclipse! http://t.co/jyNp7pYmw0 http://t.co/dH3WRMHoex,
eclipse,GTFO. Unreal!\n\nRT @fcain: Thierry Legault Captures ISS Transit of the Sun - During Eclipse! - http://t.co/pWhsxpBily http://t.co/tMT1q6XRyQ,
eclipse,"\""@fcain: Thierry Legault Captures ISS Transit of the Sun -- During Eclipse! - http://t.co/zfiWpNG1pv http://t.co/xCwIW15g05\"" @lilswampduck",
eclipse,Thierry Legault Captures ISS Transit of the Sun -- During Eclipse! - http://t.co/Dt3O7BBShR http://t.co/w7yyzPQnya,
eclipse,"#eclipse \n\""@fcain: Thierry Legault Captures ISS Transit of the Sun -- During Eclipse! - http://t.co/s2XaPVxMdn http://t.co/1hLk3F32GQ‚Ä?
eclipse,Awesome!!! Engineer ‚Äú@ElbesoenlaLuna: Espectacular imagen del eclipse desde Espa√±a con la ISS de @ThierryLegault http://t.co/UFR7iY9OBj‚Ä?
eclipse,@ElbesoenlaLuna: 'Espectacular imagen del eclipse desde Espa√±a con la ISS de @T‚Ä?http://t.co/7lA3502UhY",
fuji,Lenticular clouds over Fuji ....... #amazing #awesome #cool #colors #magic #Majestic #dream #dreamers #serenity #ze‚Ä?http://t.co/ypNnxmhvtn,
fuji,@aayushsinghvi - no tweet can be unavailable when Hiemdall is here!!!! http://t.co/w8D41lhGw3 http://t.co/wPXfjAKWkR,
fuji,Gabriele_Corno : Lenticular clouds over Fuji #Japan #fuji #lake #cloud ‚Ä?http://t.co/Eet1wTc1gh) http://t.co/eaJ4Q9vayh,
fuji,Join http://t.co/rsMM68BR9j RT Rocky_Stubbs: RT Gabriele_Corno: Lenticular clouds over Fuji #Japan #fuji #lake #cloud http://t.co/wpyJj49YB4,
fuji,Lenticular clouds ...¬†#fuji¬†\nVia¬†Gabriele Corno¬†\nhttp://t.co/GlZUM0VCeB http://t.co/LvQoFQw7hx,
fuji,RT @Gabriele_Corno: Lenticular clouds over Fuji #Japan #fuji #lake #cloud http://t.co/8wREf1R0nq,
fuji,Lenticular Clouds over Mt Fuji  \n  \n#photography #cloud #travel  \n#weather #hiking #wanderlust #photo http://t.co/ZsGrfveF2F,
fuji,#Unusual!\n\nRT @B_Ubiquitous\n\nLenticular Clouds over Mt Fuji #photography #cloud #travel #weather #hiking #photo http://t.co/pec3tmDmlX,
fuji,"Mt. Fuji! Looking dope ""@TheWorldStories: These Lenticular clouds are freaking cool ‚òÅ‚òÅ‚òÅ‚ùÑ‚ù?http://t.co/sCwWKs6svY""",
fuji,Gabriele_Corno : Lenticular clouds over Fuji #Japan http://t.co/rKAZRtv6e8 (via Twitter http://t.co/SXroQ7g0Mi) http://t.co/44ZNHc4g05,
fuji,Mount Fuji lenticular Clouds (Japan).  #images #wallpapers #photos #photography http://t.co/L8F1m3I9X1,
fuji,"Amazing pic! RT @PSPilates @alphabetsuccess @AmazingPicx: Lenticular clouds over Mount Fuji, Japan https://t.co/NDnAbXMejB",
fuji,‚Äú@EarthPixDaiIy: Lenticular Clouds over Mount Fuji https://t.co/Faf86MmCEN‚Ä?,
fuji,Gabriele_Corno : Lenticular clouds over Fuji #Fuji #Japan #clouds https://t.co/nDX4g4O4gR‚Ä?https://t.co/rsXdQ497Mi) https://t.co/wtxNShQUYI,
fuji,"Retweeted Tim Fargo (@alphabetsuccess):\n\nLenticular clouds over Mount Fuji, Japan. \n\nvia @AmazingPicx... https://t.co/Q3wZlM2M4A",
fuji,"‚ú?Lenticular clouds over Mount Fuji, Japan. via AmazingPicx https://t.co/RiUCBYmCIE ‚úåÔ∏é https://t.co/KONB4ZkiHY",
fuji,"bluepueblo: Lenticular Clouds, Mount Fuji, Japan photo via permsiri https://t.co/5cdKsE9GtR https://t.co/VUx1YpbWkL",
fuji,(#und_ed via @rellesokawaii on #tumblr) maney pots https://t.co/Sn1RlMkTgM,
fuji,"Lenticular Clouds, Mount Fuji, Japan\n#travel #travelpics #Japan https://t.co/1g5gfYNfiP",
fuji,‚Äú@GoldenGate88: Lenticular clouds over Fuji #Fuji #japan https://t.co/SsqS3TPbKf #photo rt @Gabriele_Corno @GWPStudio‚ÄùWow amazing!üëåüòä,
fuji,"Lenticular clouds over Mount Fuji, Japan. \n\nvia AmazingPicx\n\nhttps://t.co/IeY7BfjmsE #dailyquote #quotes",
fuji,"RT alphabetsuccess: Lenticular clouds over Mount Fuji, Japan. \n\nvia AmazingPicx\n\nhttps://t.co/D4PZYB40M6",
fuji,Popular on 500px : Red Fuji with Red Lenticular Clouds by Yuga http://t.co/Kh11o9zGTa | http://t.co/Ge6Wtppu0K,
fuji,Red Fuji with Red Lenticular Clouds by Yuga (http://t.co/2NNxDZV37T) #Landscapes http://t.co/RBJk3KhrZ3,
fuji,Red Fuji with Red Lenticular Clouds by Yuga http://t.co/7zkeor4Z8Y #Photography #PopularPhotos ReTweet http://t.co/nAlEnJgGPy,
fuji,Popular on 500px : Red Fuji with Red Lenticular Clouds by Yuga #Photography http://t.co/cFgvOOUpO1,
fuji,Red Fuji with Red Lenticular Clouds\n#popular #amazing #image #picture #capture #snap #beautiful #wow #click #love http://t.co/Hr0HCANz8L,
fuji,"#Popular : Red Fuji with Red Lenticular Clouds by Yuga #dailyinspiration, #photography, #photo #inspiration http://t.co/XvY19ZQ2JU",
fuji,Popular on 500px : Red Fuji with Red Lenticular Clouds by Yuga http://t.co/vdLvgFnjkT,
fuji,Red Fuji with Red Lenticular Clouds by Yuga Kurita #photo #nature #landscape #—Ñ–æ—Ç–æ #–ø—Ä–∏—Ä–æ–¥–∞ #–ø–µ–π–∑–∞–∂ #beautiful #prett http://t.co/mSFa0eopw7,
fuji,Red Fuji with Red Lenticular Clouds by Yuga Kurita http://t.co/9hNUPQ0XQ3,
fuji,Red Fuji with Red Lenticular Clouds by Yuga Kurita http://t.co/W18c39GKHf Via @RareDivergent http://t.co/l91LzUAKZN,
fuji,Red Fuji with Red Lenticular Clouds by Yuga Kurita http://t.co/VfGZ5ujik7 http://t.co/DzJVlfd6B2,
fuji,RT http://t.co/XXSJDA8Q4V #Photo | Red Fuji with Red Lenticular Clouds by Yuga Kurita #ÂÜôÁúü http://t.co/UcpK6rHv9f,
fuji,Red Fuji with Red Lenticular Clouds by Yuga Kurita by  @ 500px http://t.co/tpb8sMDhAZ,
refugees,RT @Refugees: Today Mediterranean sea arrivals to Europe reach 1 million. 49% are from Syria.  https://t.co/nAUZy25H5X https://t.co/RgJ89LH‚Ä?,
refugees,RT @Refugees: Today Mediterranean sea arrivals to Europe reach 1 million. 49% are from Syria.  https://t.co/nAUZy25H5X https://t.co/RgJ89LH‚Ä?,
refugees,RT @julianfirpo: Titta p√• barnen. De satt n√§rmare 30 barn i den h√§r b√•ten. Barn som flyr i en √∂verfull b√•t √∂ver havet. https://t.co/YtTfJxX‚Ä?,
refugees,Titta p√• barnen. De satt n√§rmare 30 barn i den h√§r b√•ten. Barn som flyr i en √∂verfull b√•t √∂ver havet. https://t.co/YtTfJxXh6d,
refugees,RT @Refugees: Vulnerable refugees + migrants are in need of protection + assistance. Our strategy: https://t.co/3PNso9q8nT #Europe https://‚Ä?,
refugees,RT @Refugees: Vulnerable refugees + migrants are in need of protection + assistance. Our strategy: https://t.co/3PNso9q8nT #Europe https://‚Ä?,
refugees,RT @UNRefugeeAgency: These Photos Show Another Face Of The #RefugeeCrisis: https://t.co/SDiePXmOnT #supportrefugees #refugees https://t.co/‚Ä?,
refugees,RT @UNRefugeeAgency: These Photos Show Another Face Of The #RefugeeCrisis: https://t.co/SDiePXmOnT #supportrefugees #refugees https://t.co/‚Ä?,
refugees,RT @londonorganiser: Ever get the feeling you're being had Europe? http://t.co/shIVo0S7RZ,
refugees,RT @VVPutin_cat: –ñ–µ —Å—É–π –±–µ–∂–µ–Ω–µ—Ü\nJe suis un r–µfugi–µ\n#–ò–ì–ò–õ #ISIS http://t.co/9eI81UYiRO,
refugees,RT @Jorlmiga: @MarianoPlanells F√≠jense el la cicatriz el la mejilla izquierda de este refugiado. http://t.co/WXAl9p66SR,
refugees,RT @NordStormRising: The true face of #SyrianRefugees. https://t.co/BTb9KWxlLw,
refugees,"RT @redbrasco: Want to help these unfortunates?\n\nNew, Iphones, laptops, jewelry and designer clothing could aid them through this! http://t‚Ä?
refugees,RT @redbrasco: Want to help these unfortunates?\n\nNew", jewelry and designer clothing could aid them through this! http://t‚Ä?
refugees,RT @Refugees: Earlier today: Syrian refugees walk toward Austria after getting off buses from Hungary. http://t.co/JqEuZw2t4F http://t.co/p‚Ä?,
refugees,RT @Refugees: Earlier today: Syrian refugees walk toward Austria after getting off buses from Hungary. http://t.co/JqEuZw2t4F http://t.co/p‚Ä?,
refugees,"‚Äú@Refugees: Syrian refugees walk toward Austria http://t.co/ts1ZVm2uEy http://t.co/vgxKsEDCZ9‚Äù\n""The road is made by walking.""",
refugees,RT @Refugees: There should be more opportunities for people to come legally to Europe &amp; find safety http://t.co/mWbW0BiTgu http://t.co/YNQ1‚Ä?,
refugees,"RT @i_k_b: Syrian Refugees in Europe.All men fit for military-no kids,no women !\nSame in Assam,IBIs entering as Hindu Refugees ! http://t.c‚Ä?
refugees,RT @Cements_: ≈†ƒÅdi ≈°orƒ´t izskatƒÅs Aina≈æos. Baisi‚Ä?#Izlasƒ´juKomentƒÅros https://t.co/5qZFkb6YZ9
refugees,RT @Cements_: ≈†ƒÅdi ≈°orƒ´t izskatƒÅs Aina≈æos. Baisi‚Ä?#Izlasƒ´juKomentƒÅros https://t.co/5qZFkb6YZ9
refugees,Two articles up today on the refugee crisis and racism: http://t.co/CieGfCJSBK",
refugees,RT @Refugees: From #AylanKurdi tragedy to start of European refugee relocation. #Refugeecrisis 2015 https://t.co/6YHPR08xHB https://t.co/Yc‚Ä?,
refugees,RT @Refugees: From #AylanKurdi tragedy to start of European refugee relocation. #Refugeecrisis 2015 https://t.co/6YHPR08xHB https://t.co/Yc‚Ä?,
refugees,"RT @UNHCRCanada: 2015 was the year of Europe‚Äôs #refugee crisis, read the 7 key events in this unfolding drama https://t.co/ZO5cRVOTWK https‚Ä?
refugees,RT @AmiraSaid: June 20 is World Refugee Day",
refugees,"RT @IHHen: Nearly 1,500 Syrian refugees who have camped out in #Edirne for 4 days have started walking towards the border. http://t.co/ASez‚Ä?
refugees,RT @IHHen: Nearly 1",
refugees,"RT @Refugees: ""What do you expect in Germany?""  ""Playgrounds."" Selwa, 9, fled Damascus last week with her family + is now in Lesbos http://‚Ä?
refugees,RT @Refugees: """"What do you expect in Germany?""""  """"Playgrounds."""" Selwa",
refugees,"RT @melissarfleming: I asked Selwa, 9, what she expects in Germany? ""Playgrounds."" \nShe &amp; family fled #Syria 1 week ago. Now in #Greece. ht‚Ä?
",
