theme,post_text,label,,,
boston,PIC: Comparison of #Boston suspect Sunil Tripathi's FBI-released images/video and his MISSING poster http://t.co/EhV3ODxrJf You decide.,0,,,
boston,I'm not completely convinced that it's this Sunil Tripathi fellow‚Äîhttp://t.co/ZjWqOsRfjB,0,,,
boston,4chan and the bombing. just throwing it out there: http://t.co/dIySO7lXQm http://t.co/NxBi4tW8bQ,0,,,
boston,4chan thinks they found pictures of the bomber  -  http://t.co/0y3w24l2q8,0,,,
boston,"Ola ke ase, investigando las bombas de Boston o ke ase? #4chan http://t.co/7A4IAbVmM0",0,,,
boston,@DLoesch have you seen this? Bomber #2  looks like missing student Sunil Tripathi.  http://t.co/1phQpB0aMT  http://t.co/X9pqMtnoW5,0,,,
boston,"@YourAnonNews its not that guy, you can see his backpack from another angle http://t.co/DFRglxjp68 #BostonMarathon",0,,,
boston,Hilarious if 4chan solves this bombing case. They got tons of these posted. http://t.co/qI9I0YKatR,0,,,
boston,http://t.co/pS4KetWGaW #4chan,0,,,
boston,"\""They say\"" this is a #pic of a man lurking on a rooftop during the the #bostonmarathon #explosion...‚Ä?http://t.co/RYtgpktBYT",0,,,
boston,Wow 4chan. That was fast: http://t.co/3vHkPCr8tR,0,,,
boston,4chan spots a #Boston Bombing suspect - http://t.co/3c4TOQxL4b,0,,,
boston,4Chan seems to think they've found one of the Boston Marathon Bombers and I agree http://t.co/1cncwgC7eK,0,,,
boston,4chan spots a suspect http://t.co/u3Ovlyl4Tp [http://t.co/oUotrsGuZv] #consp @joerogan,0,,,
boston,4chan Conspiracies 1 of 2 http://t.co/KbYZr9aAiQ,0,,,
boston,man on the roof-tops of #bostonmarathon while bomb goes off http://t.co/yFZEuQ47hu,0,,,
boston,navy seals at #bostonmarathon with back packs n remote devices on cell phones http://t.co/k9sNfXJvi8,0,,,
boston,Wow. This was posted yesterday on 4chan. Seemed like some people were in the know about the suspect. http://t.co/g7QU4AktXV,0,,,
boston,4chan spots a suspect http://t.co/Sb6t7nyP3b [http://t.co/ODs9wcPaxD] #consp @duncantrussell,0,,,
boston,It looks like 4chan might have really found something - Why are private http://t.co/iVYfUtQ2Mh [http://t.co/RbYBX2qXll] #anon @YourAnonNews,0,,,
boston,4Chan zoekt het uit. http://t.co/wMQbCv9W3R,0,,,
boston,4chan beweert de bommenlegger uit #Boston te hebben gevonden op foto http://t.co/YDyFCkEPDb,0,,,
boston,"Os caras do 4chan identificaram o terrorista da maratona de Boston, jura mesmo? https://t.co/reoR7wki6i http://t.co/MKUuo8PKyQ",0,,,
boston,"No idea if \""Suspect 2\"" is missing Brown student Sunil Tripathi but looks more than a little like him: http://t.co/iwJ7iO3WKB",0,,,
boston,@th3j35t3r what do you make of what 4chan has come up with? http://t.co/sMWgRS2jo3,0,,,
boston,4chan found the bomb http://t.co/Zrs8WOqomz,0,,,
boston,The man believed to be the bomber.. #boston #bostonbombing #bostonmarathon #prayforboston #pray4boston‚Ä?http://t.co/akb08AyBld,0,,,
boston,@samsteinhp check out the 4chan kiddies investigative work http://t.co/7C1wRki92C,0,,,
boston,"Don't worry guys, 4chan is on the case now...  http://t.co/tv5u5N9tiy",0,,,
boston,Lets see if 4chan identified the bomber http://t.co/0kmcAxkqup http://t.co/kJZq8NAMx6,0,,,
boston,@YourAnonNews  4chan spots another pair of suspects. This one really gave me chills. http://t.co/MMMaoxEVau,0,,,
boston,4chan spots a Boston Marathon bombings suspect http://t.co/mRFDwpNczH,0,,,
boston,RT @C_R3yna06: 4chan &gt; FBI http://t.co/da4FbhJwWs,0,,,
boston,Plus look how he's carrying it. Looks like he's about to sit it down. #prayforboston http://t.co/YyWGdbsI1e,0,,,
boston,"I'll laugh my ass off if 4chan actually were able to find the bombing suspect, this picture looks somewhat convicing http://t.co/rk1eDwr7Vq",0,,,
boston,It looks like 4chan might have really found something... #PrayForBoston #BostonBombing http://t.co/DrLPtbJ7pb,0,,,
boston,"Wow, so Sunil Tripathi is a Brown U Student that has been missing since March... http://t.co/ku2PtAuB4o.",0,,,
boston,The people of Boston ask your help identifying these men associated with the backpack bombs at the Boston Marathon http://t.co/u5fX9Gksbf,0,,,
boston,@TheMatthewKeys Have you seen/heard anything about this? http://t.co/v82rdCVIqH (via @dcturner @SimoRoth &amp; 4Chan users ),0,,,
boston,"@OClairouin @samuellaurent Et 4Chan √©tant 4Chan, ca donne aussi http://t.co/qv0ZSH2jB6",0,,,
boston,http://t.co/oCwVNpf2PI http://t.co/9hwsuCH7TJ 83 C.S.I. 4chan.,0,,,
boston,4chan is on the case. http://t.co/wHctp20bzf,0,,,
boston,Los de 4chan cuando quieren son muy grandes. Buscando al causante de lo de Boston: http://t.co/AV0xaxekyX,0,,,
boston,some amazing analysis of the photographic evidence from the #bostonbombing by the guys at #4chan: http://t.co/YkNtXSjGr9,0,,,
boston,Fucking faggots B. I pray karma lets us get to them 1st America. #BostonBombers #prayforboston http://t.co/akkg2YdEQS,0,,,
boston,Shits crazy RT @Blueraydre: FBI missing person / Bombing suspect = Same person #4Chan http://t.co/FezORWhKV7,0,,,
boston,"@JasonBarnett Probably not then, 4chan &amp; Reddit IDed younger guys. I saw another mention of a white baseball cap: http://t.co/Sc42hfu7Yi",0,,,
boston,4chan investiga lo de Boston. http://t.co/EZ35IYwBgS,0,,,
boston,Damn 4chan already got the bomber http://t.co/bkvZkOwtvS,0,,,
boston,Sunil Tripathi was last seen in March. http://t.co/Yn6V5xNXGC,0,,,
boston,@Genowolf Well here's a short explanation according to 4chan (who found him before the FBI) http://t.co/xqKLuMldnl,0,,,
boston,Because 4chan doesn't like bad guys with no cause. http://t.co/lHK2NBqK2Q,0,,,
boston,FBI believes they found the PREP who left the bag at the Boston Marathon looks American smh http://t.co/fDMBVFKmMR,0,,,
boston,Whoever you are. We will find you. #creepy #bostonmarathon #prayforboston http://t.co/7pUOSJeo78,0,,,
boston,FBI missing person / Bombing suspect = Same person #4Chan http://t.co/XE9Cy0M3hm #RETWEET,0,,,
boston,FBI missing person / Bombing suspect = Same person #4Chan http://t.co/ZO7tzCvN1Z,0,,,
boston,Reddit is on to something... Boston Bomber #2 sure looks like missing student Sunil Tripathi.  http://t.co/GyCIuofsW4 http://t.co/koZ2qL8Od9,0,,,
boston,Did #4chan just identify a #Boston bombing suspect? http://t.co/qdHO2wiNGq,0,,,
boston,Wow... the missing kid Sunil Tripathi sure does look like suspect #2... http://t.co/uegrHmBeJJ,0,,,
boston,People seem sure this is the ID'd suspect http://t.co/bAqmmF8u0g Can they find any credible news feeds confirming it?,0,,,
boston,"FBI Hunting for 2 Arab Men seen Holding Bags with Bombs at Marathon Explosion. http://t.co/ui7JoGhFCt Photo: http://t.co/754isZ1B8v\""",0,,,
boston,Boston ‚Ä?FBI Hunting for 2 Arab Men seen Holding Bags with Bombs atMarathon Explosion. http://t.co/yndOBf1VUU  Photo: http://t.co/iTiCnIcnX8,0,,,
boston,Boston ‚Ä?FBI Hunting for 2 Arab Men seen Holding Bags with Bombs at Marathon Explosion. http://t.co/XAegnqiMVs Photo: http://t.co/hq8Iw7jVSB,0,,,
boston,What happens when you give 4chan Pictures of the Boston Bombing? http://t.co/YZssTQTAbZ,0,,,
boston,"CNN keeps referencing these images as the possible suspect of Boston bombing: http://t.co/5GtZuACutC Not confirmed, but they think it's him.",0,,,
boston,4chan may have possibly found the bomber http://t.co/sYHDit5Jql #boston #fbi,0,,,
boston,4chan may have found the bomber http://t.co/8WgBpTobZP,0,,,
boston,.@bwake77 Someone from 4chan might have found the bomber. \nhttp://t.co/vGDU99gh9D,0,,,
boston,4chan may have found the bomber http://t.co/O5eCzW5t8N,0,,,
boston,Wooooooooow 4chan found the Boston bomber??? http://t.co/t6nm3K1VfW,0,,,
boston,"\""4chan may have found the bomber\"" http://t.co/OFv018lyP1",0,,,
boston,!!!! 4chan might have just found the Boston bomber: http://t.co/jBpq59fwsQ,0,,,
boston,RIP Tamerlan and free Dzhokhar Tsarnaev. This corrupt society will never stop blaming people. Who will‚Ä?http://t.co/xAGDE2Zyha,1,,,
boston,"#Boston #Watertown #BPD New picture of Sunil Tripathi tonight, in a 7-11: https://t.co/ae5deGvp5s",1,,,
boston,1 of the boston marathon suspects is \nSunil Tripathi Missing brown/ivy league student http://t.co/kz83UIbr4b,1,,,
boston,Boston bombings suspects innocent: father #BostonMarathon #Kenya http://t.co/CJq4ZhKnqp http://t.co/saen4lqRwc,1,,,
boston,This is so sad the bomber and the 8 year old boy that died #prayforboston http://t.co/nU4h6hmYT3,1,,,
boston,"This is just sad œÄ¬ü¬òŒÜœÄ¬ü¬ò‚Ä? The 8 yr old that died, the bomber, nd the bag. #prayforboston #watertown http://t.co/bADr2c817m",1,,,
boston,"RT @TEDchris: Reddit users crowdsource photo of Boston suspect, zoom, enhance. http://t.co/rqaFZNjpFa Source: http://t.co/wRjT7Sgpdo",1,,,
boston,"Œ≤‚Ç¨¬ú@TEDchris: Wild how Reddit users crowdsource photo of Boston suspect, zoom, enhance. http://t.co/kE9fQtsGRS Source: http://t.co/3A9iunoY1lŒ≤‚Ç¨¬?,1
boston,RT @tedchris: Reddit users crowdsource photo of Boston suspect", zoom," enhance. http://t.co/Og7sxCZtr4 Source: http://t.co/OlwGtBF0AF""",1,
boston,"Wild how Reddit users crowdsource photo of Boston suspect, zoom, enhance. http://t.co/J9fRCsrCgI Source: http://t.co/Esbvg3Dkr6",1,,,
boston,Fuck these two tools #prayforboston http://t.co/yaGYL9mrKV,1,,,
boston,"Since the second Boston bombing suspect was apprehended on Friday, there's been a wave of support,Œ≤‚Ç¨¬?http://t.co/zd3fcVj2Dt",1,,,
boston,#THATSHOWWEFREAKINGDOIT #CAPTURED #ManHunt #BostonBomber #WeGotHim #BostonMarathon #GoToHell #USARules http://t.co/YOyFtLL0ZN,1,,,
boston,New FBI photo of Boston bombing suspect 2 http://t.co/IPHLJuk2VR,1,,,
boston,Suspect #1 for Boston Marathon attack #repost #this http://t.co/kWc4NkFT4p,1,,,
boston,Boston bombings suspect #2 #Boston #bostonmarathon #handsoverhearts #prayforboston #bostonhelp #bostonstrong http://t.co/Qh2nPX5jX0,1,,,
boston,Beyond any doubt the single  most sad/disturbing/eerie/bizarre photo I have ever seen. #prayforbostonŒ≤‚Ç¨¬?http://t.co/fhDFGISNFg,1,,,
boston,This made me tear up a lil . œÄ¬ü‚Äò¬éœÄ¬ü‚Ñ¢¬èœÄ¬ü¬ò¬±œÄ¬ü¬ò¬•œÄ¬ü¬ò‚Ä?#boston #prayforboston http://t.co/Q7alf8LFcm,1,,,
boston,The FBI has released a new photo of suspect Dzhokhar Tsarnaev http://t.co/9xFMdgkFUQ,1,,,
boston,This picture breaks my heart. This is Dzhokhar Tsarnaev dropping off the bomb right behind thatŒ≤‚Ç¨¬?http://t.co/4sQBE4uDxs,1,,,
boston,Boston bomb suspect blames #Brother #TamerlanTsarnaev #Kenya http://t.co/rv8jEYJTyo http://t.co/FFQE96FcLR,1,,,
boston,@dazonic U said it! Appears that a Reddit user found a picture of the white hat Boston suspect http://t.co/Y8ZjiOhnSvŒ≤‚Ç¨¬?1,,,,
boston,"Foto del sospechoso Dzhokhar Tsarnaev, de 19 aŒì¬±os. Armado y considerado altamente peligroso http://t.co/64uNYMVsdg",1,,,
boston,They finally caught the second suspect in the Boston bombing thriller http://t.co/jXaneaO0DC,1,,,
boston,Way to go #boston #police!! One down one to go!! #justice #bostonmarathon #bombing http://t.co/gkw2XfInTY,1,,,
boston,ICYMI: These are the suspects sought by the #FBI in connection to the #BostonMarathon bombings http://t.co/y8gYNNeELy http://t.co/mmbBshlGeU,1,,,
boston,Smh......that's al I can say poor baby may in rest on #PrayForBoston sad http://t.co/xymoHPepQ1,1,,,
boston,Reported photo of suspect 2 in Boston bombings emerges on Facebook http://t.co/ItR4vvBHFH http://t.co/tby3JxQWup,1,,,
boston,Bombers in Boston help find them #prayforboston http://t.co/E6CVI1rlJX,1,,,
boston,Œ≤‚Ç¨¬ú@FOX19: FBI releases new photo of suspect Dzhokhar Tsarnaev. RT !  http://t.co/uaw2Rw4HcwŒ≤‚Ç¨¬?1,,,,
boston,This just makes your heart drop. #Prayforboston #bostonmarathon there are multiple kids and familiesŒ≤‚Ç¨¬?http://t.co/RrX5aoZIIl,1,,,
boston,Suspect 2 from Boston Marathon Bombing. http://t.co/TiDZbkUxBi,1,,,
boston,"Boston Marathon suspect #2 with white hat (far left) running from explosion, no backpack.. http://t.co/fB8KXPURE5",1,,,
boston,"#BOLO for #boston bombing suspect Dzhokhar Tsarnaev. He may be driving a gray Honda CRV, withŒ≤‚Ç¨¬?http://t.co/mILcZLdM1z",1,,,
boston,Boston RIC released this flier showing at large suspect Dzhokhar Tsarnaev. He may be armed &amp; dangerous. http://t.co/haGuhy7xYA ht @suntimes,1,,,
boston,"#CommunityAlert: As search for Dzhokhar Tsarnaev continues, we thank you 4 your continued cooperation &amp; support. http://t.co/zZD1SzTO8u",1,,,
boston,This is the latest picture of the Boston bomber suspect. Share and keep a look out! He could be anywhere! http://t.co/lDrk743W4w,1,,,
boston,WANTED BY THE FBI in the BOSTON BOMBINGS!! 1st Suspect is Dead!! Here is the 2nd Suspect!! #bostonŒ≤‚Ç¨¬?http://t.co/VwBc70aSDn,1,,,
boston,FBI releases new photo of remaining Boston bombing suspect: http://t.co/ErRwfHdt6O http://t.co/AAAQXBBZCd,1,,,
boston,New high resolution photo of suspect #2 in Boston Bombing. http://t.co/8RhNi4wL7k,1,,,
boston,suspect 2 attentat Boston celui qui a posŒì¬© son sac avant l'explosion qui a permis de remonter au suspect 1 http://t.co/1GOhtIOLlY,1,,,
boston,2nd suspect in custody from the Boston Marathon bombings. He is injured and being treated from gunŒ≤‚Ç¨¬?http://t.co/298n5q8BFY,1,,,
boston,Separados por um #Chris.\n\n#DzhokharTsarnaev #greg #VicentMartella #Watertown #BostonŒ≤‚Ç¨¬?http://t.co/aLHFxJ5G1G,1,,,
boston,"Foto del sospechoso Dzhokhar Tsarnaev, de 19 aŒì¬±os. Armado y considerado altamente peligroso http://t.co/64uNYMVsdg",1,,,
boston,FIND THIS FUCK! #Boston #bomber #coward #shootout #bostonstrong #FBI #BPD #watertown #cambridgeŒ≤‚Ç¨¬?http://t.co/KQv6RqxXIC,1,,,
boston,Lincecum? RT @Local4News: ClickPic: Latest picture from FBI of #boston bombing suspect Dzhokhar A. Tsarnaev. #local4 http://t.co/ssKZqWk73c,1,,,
boston,Potential suspects for the Boston Marathon explosion http://t.co/TMuqegekjX,1,,,
boston,So THIS is the face of the #BostonMarathon bomber @FoxNews @CNN @JohnKingCNN. Dark enough for ya? http://t.co/ckxDEmtM9p,1,,,
boston,What A FUCKIN Asshole!!!!!!!!!!!!! How Could He????? #BostonMarathon http://t.co/x1Ua3Pr7Uq,1,,,
boston,This is crazy world we live in #justiceforethan #bostonmarathon http://t.co/x7a2UMH2uK,1,,,
boston,Reddit has found a much clearer photo of the second Boston Bomber suspect moments after the explosion (look left): http://t.co/QfDCIp5Iu9,1,,,
boston,"Updated photo of Dzhokhar Tsarnaev from FBI, they're still looking for him. DOB: 7/22/1993  http://t.co/O5n8JfjibY",1,,,
boston,Œ≤‚Ç¨¬ú@Z00kiehne: Left-Boston suspect Right-jnatoli10 http://t.co/oy1UcQxRBLŒ≤‚Ç¨¬?@jnatoli10,1,,,
boston,#bostonstrong #usa #oneboston #onenation #prayforboston http://t.co/SdfIGWdFxH,1,,,
boston,"RT @nycjim Wow. \""@magicandrew From friend in news in Boston. MT @amorse9 http://t.co/pYPcGbtXrV Suspect #2 moving around corner on left.\""",1,,,
boston,They caught his ass in Boston suspect 1 is dead now suspect 2 will be in jail for the rest of his damnŒ≤‚Ç¨¬?http://t.co/vnpkHuDKcx,1,,,
boston,Game over Bitch #bostonmarathon http://t.co/1sQJC5be0l,1,,,
boston,"Nooo poor, sweet baby Martin before the explosion. œÄ¬ü¬òŒÜœÄ¬ü‚ÄòŒ?omg I can't. #ripmartin #manhunt #bostonŒ≤‚Ç¨¬?http://t.co/MZwQuOhr1v",1,,,
boston,#prayforboston #prayfortheworldwelivein http://t.co/GQtpwqAmvm,1,,,
boston,Here's a screen-grab from the new very high-res image that appears to show Boston suspect: http://t.co/X0DwVEx8AB (@ravisomaiya),1,,,
boston,A very clear photo of suspect no. 2 in Boston -- check him out in white hat turning  corner on the left http://t.co/OnCLOX3JTm,1,,,
boston,From a friend in local news in Boston. MT @amorse9: http://t.co/FRv0tIrBCe Suspect #2 moving around corner on left.,1,,,
boston,C'mon people lets work together and catch these fuckers #prayforboston #justicewillbeserved http://t.co/gXy9DuuuJE,1,,,
boston,La foto mas reciente del profugo terrorista Dzhokhar Tsarnaev http://t.co/UJoC7UaveI,1,,,
boston,"FBI just posted New Photo of Suspect #2,  Dzhokhar Tsarnaev.   #BostonMarthon http://t.co/FB7lbHGSCB",1,,,
boston,A closer look at FBI's Boston bombing suspect's hat. RT @RichardPhillips: http://t.co/WTpTwRP00X,1,,,
boston,"Reddit never ceases to amaze me. Assuming not shopped (don't think it is), unearthed another photo of Boston suspect: http://t.co/6ZA4Yb17Wm",1,,,
boston,Suspect in the Boston Marathon Bombing I hope I find them first http://t.co/chgjrtw4nO,1,,,
boston,FBI Œ∞Œâ‚Ç¨Œ∞Œà¬úŒ∞ŒàŒÜŒ∞Œà¬†Œ∞Œà¬≤Œ∞Œà¬ûŒ∞ŒàŒÖŒ∞Œà¬∑Œ∞Œà¬≠Œ∞Œà¬£Œ∞Œà¬∞Œ∞Œâ‚Ç¨Œ∞Œà¬öŒ∞ŒàŒÑŒ∞Œà‚ÄùŒ∞ŒàŒÖŒ∞Œà¬≤Œ∞Œà¬£Œ∞Œà¬≤Œ∞Œà¬òŒ∞Œà¬≠Œ∞Œà‚Ñ¢Œ∞Œà¬öŒ∞Œà¬≠Œ∞ŒàÔ£πŒ∞Œà‚Ä¢Œ∞Œà¬±Œ∞Œà‚Ñ¢ Œ∞Œà‚ÄîŒ∞Œà¬µŒ∞Œâ¬àŒ∞Œà¬ÅŒ∞Œà¬≥Œ∞Œà¬•Œ∞Œà¬±Œ∞Œà‚Ä°Œ∞Œà¬´Œ∞Œà¬•Œ∞Œà¬öŒ∞Œà¬´Œ∞Œà‚Ñ¢Œ∞Œà¬µ Œ∞Œà¬äŒ∞Œà¬∑Œ∞Œâ¬àŒ∞Œà¬≠ Dzhokhar A. Tsarnaev   http://t.co/AHzNQyJuCj,1,,,
boston,New photo from FBI of Suspect No. 2 -- Dzhokhar A. Tsarnaev -- still at-large in Boston Marathon bombings http://t.co/FfU9MHEjlS,1,,,
boston,#boston #Coward #Manhunt #looser #Bomber http://t.co/PBAx5IDamJ,1,,,
boston,I almost got away with it dzhokhar tsarnaev edition #havefuninhell http://t.co/IZDsUc6cAa,1,,,
boston,BREAKING NEWS: (PLEASE SHARE &amp; RETWEET)\nBOSTON POLICE REPORT ONE SUSPECT IS CONFIRMED DEAD!! Here's aŒ≤‚Ç¨¬?http://t.co/DJRSX5ZtHF,1,,,
boston,"Incredible new photo of Boston Marathon suspect leaving bomb scene. (Left side, white hat)--&gt; http://t.co/JOZTfinnaK",1,,,
boston,"Boston bomb suspect running away from blast (lower left, white hat) -  http://t.co/ghsrmQYZ3d",1,,,
boston,What About The Boston Bombing Suspect's Miranda Rights? http://t.co/bkB2gmLTvD http://t.co/CsMY9ZYBn6,1,,,
boston,#PunkAss #bitch #DzhokharTsarnaev #BostonMarathon #bomber http://t.co/0uK6BElcd2,1,,,
boston,Suspect #2 in Boston Marathon bombing still at large and considered armed and dangerous. #watertown http://t.co/TqPjzxPV6O,1,,,
boston,Updated photo of Boston bombing suspect 2 released by FBI: http://t.co/RbhrOFmq1P http://t.co/FMGLupgBpx,1,,,
boston,Suspect in Boston marathon bombing http://t.co/0Uc1Eas3dN,1,,,
boston,#FBI #Suspected #Boston #BostonMarathon #Prayforboston #pray4boston http://t.co/Hn6ZgqhYhj,1,,,
boston,A very clear photo of suspect no. 2 in Boston -- check him out in white hat turning  corner on the left http://t.co/OnCLOX3JTm,1,,,
boston,"Police: Boston bombing \""Suspect #2\"" reportedly armed and dangerous still on the loose -- latest photo: http://t.co/4IaxRbq36o",1,,,
boston,"#Dzokhar #Tsarnaev #gta #saintsrow #gameover #boston #marathon Use game genie next time, you'll lastŒ≤‚Ç¨¬?http://t.co/lPAGRFTLRW",1,,,
boston,Victim Martin Richard standing in front of bomber moments before #prayforboston #RIP œÄ¬ü¬òŒÜ http://t.co/04kBxmIrgd,1,,,
boston,They finally caught his bitch ass!!!! Haha im happy :) #HappyAsFuck #ThugShit #USA #PrayForBoston http://t.co/R8UeyVgX5i,1,,,
boston,So glad they caught both of the bombers...! Justice will prevail... #prayforboston http://t.co/950KB5TNxU,1,,,
boston,@cnnbrk 2nd suspect in Boston bombing with white hat look far left he leaves after bomb went off/http://t.co/uLAY31bff3,1,,,
boston,BREAKING NEWS: BOSTON POLICE GOT EM!!!!! 2nd Suspect in Custody!!! #boston http://t.co/JExFbh0h3L,1,,,
boston,"Interesting post from 4chan... Suspect and backpack that exploded in red, 8-year old victim who died in blue. http://t.co/z8lWYHZA2W",1,,,
boston,"FBI just posted New Photo of Suspect #2,  Dzhokhar Tsarnaev.   #BostonMarthon http://t.co/FB7lbHGSCB",1,,,
boston,Suspect photos in the Boston bombing released: http://t.co/SyhvvlbEFx,1,,,
boston,This picture is UNBELIEVABLE...Poor little Martin! Catch that bastard!!! #BostonStrong #PrayForBoston http://t.co/7VPfelUsd3,1,,,
boston,"Wow. \""@magicandrew: From friend in local news in Boston. MT @amorse9: http://t.co/Decg0C5HNf Suspect #2 moving around corner on left.\""",1,,,
boston,"\""@TheAtlanticWire: Hi-res image by @nytimes allegedly Boston bombing suspect http://t.co/gUl9VJ9mqw http://t.co/n93S10PBLS\"" closest Arab?",1,,,
boston,"Another look at \""Suspect #2\"" in the Boston bombing investigation. Seen here talking on a phone. http://t.co/JgqZByZRn5Œ≤‚Ç¨¬?,1
boston,RT @BREAKlNG: #WANTED: 19 yr-old Dzhokhar Tsarnaev.Suspect armed and dangerous.Call 1(800)CALL-FBI(via @Boston_Police)http://t.co/a3PijMdAYX,1
boston,BPD police commissioner @EdDavis3 tweeted Suspect 2 in Boston Marathon explosions is still at large http://t.co/uPsuLbgaWB,1
boston,RT @KTNV: FBI has released new photo of suspect #2 in Boston Marathon bombings -- Dzhokhar A. Tsarnaev http://t.co/7MEzlZX37w,1
boston,Boston RIC has released this flier showing at large suspect Dzhokhar A. Tsarnaev. He may be armed &amp; dangerous. http://t.co/LNNBXcKq8r,1
boston,BREAKING NEWS: FBI releases picture of the Boston Bombing suspects . #prayforboston #bostonbombingŒ≤‚Ç¨¬?http://t.co/epSnUYSj3G,1
boston,Fresh to death #merica #prayforboston http://t.co/czqbSd6Uho,1
boston,Boston bombings suspects 1 and 2 #Boston #bostonmarathon #handsoverhearts #prayforboston #bostonhelp #bostonstrong http://t.co/RNp8g4PJlR,1
boston,Brothers possibly from Chechnya....WOW!! Gotta Google that one. #Manhunt #Craziness http://t.co/9oVyuBY9Xt,1
boston,Suspect 2 in #BostonMarathon bombing - do you know this man? 1-800-CALL-FBI http://t.co/2JY0pvnaym,1
boston,White hat to the left of photo..walking away from scene no bag http://t.co/lfPuoXQrXC boston bombing suspect. From reddit,1
boston,Does anyone else think that this suspect from the Boston Bombings looks like @kyleskrazy http://t.co/AxJjegmSyf,1
boston,#BOLO for #boston bombing suspect Dzhokhar Tsarnaev. He may be driving a gray Honda CRV"," withŒ≤‚Ç¨¬?http://t.co/mILcZLdM1z""",1,,
boston,So disturbing. Get the  bastard !! #bostonmarathon #bostonstrong http://t.co/c5H36wFEUX,1,,,
boston,RT @wusa9: Latest FBI photo of wanted #BostonMarathon bombing suspect http://t.co/o3yYNoKahR,1,,,
boston,Your days are numbered- hope you fry coward. #PrayForBoston http://t.co/wyc6f1H2Q3,1,,,
boston,Your days are numbered- hope you fry coward. #PrayForBoston http://t.co/wyc6f1H2Q3,1,,,
boston,#Persons of #interest. #Bostonmarathon #bombing . Call #FBI at 1-800-225-5324  or email Boston@ic.fbi.gov http://t.co/sGungDYgPv,1,,,
boston,#CAPTURED #INCUSTODY http://t.co/Bpsa11adKy,1,,,
boston,Possible suspect of the Boston Marathon bombing. If that's really him my oh my! In other words he'sŒ≤‚Ç¨¬?http://t.co/CK6UCpU080,1,,,
boston,New photo of second Boston suspect provided by Boston Police Department moments ago - http://t.co/rEbmY0Pegf,1,,,
boston,This seriously sad! #prayforboston œÄ¬ü‚Ñ¢¬èœÄ¬ü‚Ñ¢¬èœÄ¬ü‚Ñ¢¬?. One man down now let's catch the other piece of shit http://t.co/gG1aMcfYdo,1,,,
boston,Justice been survive #bostonbombing #prayforboston http://t.co/D7xIZgG0pX,1,,,
boston,"#BOLO for #boston bombing suspect Dzhokhar Tsarnaev. He may be driving a gray Honda CRV, withŒ≤‚Ç¨¬?http://t.co/mILcZLdM1z",1,,,
boston,"Esta es la imagen del sospechoso de las bombas en Boston, que ahora se encuentra prŒì¬≥fugo: Dzhokhar A. Tsarnaev. http://t.co/A9dH5R0P7d",1,,,
boston,FBI suspect in the Boston Marathon Bombing.1-800-call-FBI http://t.co/D50OLZjzRy,1,,,
boston,http://t.co/aDjvyn08KB  #Boston #Bomber suspect #Whitehat ... Always has his ID called fake at the #Pub. #Retweet. make him #pissedoff #Tcot,1,,,
boston,Unknown Suspect #1 Boston Bombing #FBI Wanted Poster http://t.co/1zSlXwMQIR,1,,,
boston,RT: #BostonBombingSuspect looks like Bob Dylan https://t.co/wGse5xxTAZ #WIunion #MAunion #Boston #NWO #OccupyBoston #OpBoston #4chan #Ano...,1,,,
boston,Finally the man hunt is over. Justice will be served. #PrayForBoston #BPD #GodBlessAmerica http://t.co/DJP92mwvGy,1,,,
boston,Left-Boston suspect Right-jnatoli10 http://t.co/oy1UcQxRBL,1,,,
boston,"http://t.co/bf9sCNWHip suspect 2 in Boston bombing 19 yr old Eastern European armed and dangerous and at large, huge man hunt underway",1,,,
boston,New photo of what seems to be Boston bombing suspect. http://t.co/o8YT2optKG #bostonmarathon,1,,,
boston,Manhunt. Call the FBI if you see these suspects. #prayforboston http://t.co/Q0JCMrLbFX,1,,,
boston,Boston Globe reporting: 'A MARATHON BOMBING SUSPECT IS IN CUSTODY' http://t.co/SNoyD408Ec,1,,,
boston,Œ≤‚Ç¨¬ú@Pain_4Glory Œ≤‚Ç¨¬ú@_Naes103 FREE MY FUCCIN BRO Dzhokhar A. Tsarnaev http://t.co/ZaxbSPUnUn http://t.co/vBF8r2mOjXŒ≤‚Ç¨¬ùŒ≤‚Ç¨¬ù,1,,,
boston,#eyeforaneye #watertown #marathonbomber #justice #boston #bostonstrong http://t.co/yzBo8LCoVi,1,,,
boston,Please share and help find this man. #bostonmarathon http://t.co/J4VuExfIkz,1,,,
boston,RT @TheMatthewKeys: Photo: Clear FBI image of Suspect 2 in Boston Marathon bombing - http://t.co/dY76EZb1H2,1,,,
boston,"This is suspect #2 leaving the scene of the Boston Marathon bombing. The man who took this new pic.,Œ≤‚Ç¨¬?http://t.co/cbvAXucImh",1,,,
boston,That kid is one heck of a hide-and-go seek player #manhunt http://t.co/YZsli5mb4N,1,,,
boston,"Great shot of the Boston suspect, upper left. RT @jaketapper: Hey @FBIPressOffice ----&gt;  http://t.co/rWfz6XgPlp",1,,,
boston,This is so sad! 8 year old Martin Richard &amp; Dzhokhar Tsarnaev. How could someone do this? #manhuntŒ≤‚Ç¨¬?http://t.co/1031odV2sV,1,,,
boston,Dzhokhar Tsarnaev (Yojar Sarnav) de Chechenia! http://t.co/m75UQOe7dL,1,,,
boston,#dzhokar #tsarnaev #manhunt #terrorist #bomb #boston #chemistry #school #pressurecooker #russianŒ≤‚Ç¨¬?http://t.co/IcYkJpkYW3,1,,,
boston,Boston marathon bomber captured. #captured #bostonbombing #bombingsuspect #suspectcaptured #100kŒ≤‚Ç¨¬?http://t.co/mK17ttsetn,1,,,
boston,Gotta find these people..gotta get this pix out.. #bostonsuspects #prayforboston #bostonmassacre http://t.co/fP7RennPb7,1,,,
boston,Moments after the piece of shit coward waved the yellow flag. #Watertown #CNN #Boston #NBCNews\nopieradio's photo http://t.co/UFPmT0zieR,1,,,
boston,#gameover #manhunt #mit #bostonpolice #boat #watertown #bostonbombings #cambridge #ma #usa #terroristŒ≤‚Ç¨¬?http://t.co/NCMFrAvPl6,1,,,
boston,"Updated photo of Dzhokhar Tsarnaev from FBI, they're still looking for him. DOB: 7/22/1993  http://t.co/O5n8JfjibY",1,,,
boston,œÄ¬ü¬ö¬´BREAKINGœÄ¬ü¬ö¬´ Second suspect down on Franklin Street in Watertown. #boston #bostonmarathon #suspectŒ≤‚Ç¨¬?http://t.co/O7tg7dEyvh,1,,,
boston,Possible suspect of the Boston Marathon bombing. If that's really him my oh my! In other words he'sŒ≤‚Ç¨¬?http://t.co/CK6UCpU080,1,,,
boston,#Gotcha #bostonmarathon http://t.co/yG94Rrs9ji,1,,,
boston,The lil boy that died in blue. One of the brothers placed the bag in red. #prayforboston http://t.co/uzMSoSeRUX,1,,,
boston,#bostonmarathon #boston here are 2 persons of interest the #fbi would like to speak with. If youŒ≤‚Ç¨¬?http://t.co/iUhWD17dGM,1,,,
boston,#repost -- I have no words.. This picture is self-explanatory #RIP Martin Œ≤¬ù¬§Œ≤¬ù¬§ #BostonStrong #PrayForBoston http://t.co/qBk1DXrCLm,1,,,
boston,Image of Boston Marathon Blasts Suspect http://t.co/Nu7sw8OdjZ,1,,,
boston,#captured #endofmanhunt #rotinhell good job everyone! http://t.co/sMmGSSWh7Q,1,,,
boston,"Wow. \""@magicandrew: From friend in local news in Boston. MT @amorse9: http://t.co/Decg0C5HNf Suspect #2 moving around corner on left.\""",1,,,
boston,New released photo of suspect Dzhokhar Tsarnaev currently being sought by police http://t.co/11YWNXR1ON http://t.co/MdJmk7saSP,1,,,
boston,"RT @myfoxal: One Boston Marathon bombing suspect is dead, 2nd suspect ID'd http://t.co/LhMvxTywlo http://t.co/uoVH1Rrx9X",1,,,
boston,Another Pic of the younger brother that is still running in #WATERTOWN http://t.co/pzRhJFPAg6,1,,,
boston,#Persons of #interest. #Bostonmarathon #bombing  Call #FBI at 1-800-225-5324  or email Boston@ic.fbi.gov http://t.co/2fBHZRyGgl,1,,,
boston,m1llston3's photo the suspect of boston bomb http://t.co/7eIS1Nw9o6,1,,,
boston,White Cap Left Side @olivercameron: Reddit found a clearer photo of the second Boston Bomber suspect after explosion http://t.co/ODgFBbFxeG,1,,,
boston,"\""Suspect that is still outstanding, is identified as the male with the white hat in the photos.\"" Re: Boston bombing. http://t.co/LJLzSIx1pG",1,,,
boston,La foto mas reciente del profugo terrorista Dzhokhar Tsarnaev http://t.co/UJoC7UaveI,1,,,
boston,Boston bombing suspect. http://t.co/sH5o5nuJMQ,1,,,
boston,Help Boston by sharing the suspects' pics. Suspect #1. #helpboston #bostonbombing #bostonbombers http://t.co/dmbkraI1HG,1,,,
boston,@andersoncooper Apparently another photo of suspect 2 in the Boston Marathon bombing has been found.\n\nhttp://t.co/TvlA3nG3Qy,1,,,
boston,Boston bomb suspect could face death #BostonPoliceDepartment #Kenya http://t.co/5XVgu7qLnn http://t.co/BYWIOoq9C3,1,,,
boston,You can run but you can't hide!! You're going down you lil fucker!!!œÄ¬ü¬ò¬†œÄ¬ü‚Äò¬?#boston #watertownŒ≤‚Ç¨¬?http://t.co/cKoacCkVCj,1,,,
boston,FBI Œ∞Œâ‚Ç¨Œ∞Œà¬úŒ∞ŒàŒÜŒ∞Œà¬†Œ∞Œà¬≤Œ∞Œà¬ûŒ∞ŒàŒÖŒ∞Œà¬∑Œ∞Œà¬≠Œ∞Œà¬£Œ∞Œà¬∞Œ∞Œâ‚Ç¨Œ∞Œà¬öŒ∞ŒàŒÑŒ∞Œà‚ÄùŒ∞ŒàŒÖŒ∞Œà¬≤Œ∞Œà¬£Œ∞Œà¬≤Œ∞Œà¬òŒ∞Œà¬≠Œ∞Œà‚Ñ¢Œ∞Œà¬öŒ∞Œà¬≠Œ∞ŒàÔ£πŒ∞Œà‚Ä¢Œ∞Œà¬±Œ∞Œà‚Ñ¢ Œ∞Œà‚ÄîŒ∞Œà¬µŒ∞Œâ¬àŒ∞Œà¬ÅŒ∞Œà¬≥Œ∞Œà¬•Œ∞Œà¬±Œ∞Œà‚Ä°Œ∞Œà¬´Œ∞Œà¬•Œ∞Œà¬öŒ∞Œà¬´Œ∞Œà‚Ñ¢Œ∞Œà¬µ Œ∞Œà¬äŒ∞Œà¬∑Œ∞Œâ¬àŒ∞Œà¬≠ Dzhokhar A. Tsarnaev   http://t.co/AHzNQyJuCj,1,,,
boston,We're coming for you. #PrayForBoston #PrayerWorks http://t.co/SPgmV4vXiS,1,,,
boston,#FBI #Suspected #Boston #BostonMarathon #Prayforboston #pray4boston http://t.co/Hn6ZgqhYhj,1,,,
boston,Confused as to why on earth are people getting worked up about #bostonmarathon #bombing suspectsŒ≤‚Ç¨¬?http://t.co/v1785Klo8l,1,,,
boston,#Boston #Bombing #Coward #Captured http://t.co/7hOe59kRGS,1,,,
boston,"Boston Marathon Bombing UPDATE:\n\nThe suspect pictured above in the black hat, Tamerlan Tsarnaev, 26,Œ≤‚Ç¨¬?http://t.co/LVXf4prNz1",1,,,
boston,FBI releases new image of 2nd Boston Marathon bombing suspect as manhunt continues http://t.co/38kr6pKKsC #Watertown http://t.co/oeOKaBgBUc,1,,,
boston,Boston bomb suspect's http://t.co/SFLm8FPoqi,1,,,
boston,Boston Bombing Suspect 1 http://t.co/apy5VjGzeW,1,,,
boston,From a friend in local news in Boston. MT @amorse9: http://t.co/FRv0tIrBCe Suspect #2 moving around corner on left.,1,,,
boston,One of the last pics of Martin in Boston. With suspect #2 and the bomb. So sad!!! http://t.co/iFmLwWNl3j,1,,,
boston,"Boston bombing suspect is a medical student, father says http://t.co/U8mGUrtAQB Œ≤‚Ç¨¬?http://t.co/EAFVU8zQsT (via @buzzfeednews)",1,,,
boston,"Updated photo of Dzhokhar Tsarnaev from FBI, they're still looking for him. DOB: 7/22/1993  http://t.co/O5n8JfjibY",1,,,
boston,In the blue circle..the 8 year old who lost his life.. :(..in the red circle is Dzhokhar TsarnaevŒ≤‚Ç¨¬?http://t.co/CnuYHHVhNU,1,,,
boston,Photos of Boston Marathon Explosion FBI Released just 12 Hours B4 after Press Meet in Boston .\n\nOneŒ≤‚Ç¨¬?http://t.co/RiRnermMSZ,1,,,
boston,"Great shot of the Boston suspect, upper left. RT @jaketapper: Hey @FBIPressOffice ----&gt;  http://t.co/rWfz6XgPlp",1,,,
boston,Photo released for #bostonmarathon bombing. Please share! #prayforboston http://t.co/YxgxYscx6C,1,,,
boston,"Wow. \""@magicandrew: From friend in local news in Boston. MT @amorse9: http://t.co/Decg0C5HNf Suspect #2 moving around corner on left.\""",1,,,
boston,Good eyes.RT @nycjim @magicandrew: From friend in local news in Boston @amorse9: http://t.co/dT0IqppBwt Suspect 2 moving around corner on L,1,,,
boston,BREAKING NEWS: BOSTON POLICE GOT EM!!!!! 2nd Suspect in Custody!!! #boston http://t.co/JExFbh0h3L,1,,,
boston,He's in this picture. This makes me sick. #prayforboston #letsgethim #findhim #sick #disgusting http://t.co/dYnTnBaRIl,1,,,
boston,BREAKING NEWS: BOSTON POLICE GOT EM!!!!! 2nd Suspect in Custody!!! #boston http://t.co/JExFbh0h3L,1,,,
boston,Help Boston by sharing the suspects' pics. Suspect #2. #helpboston #bostonbombing #bostonbombers http://t.co/bMd7pspXgq,1,,,
boston,"And Reddit ID's the hat worn by suspect #1: http://t.co/luw1NonckB The whole \""armchair investigator\"" aspect of this is fascinating.",1,,,
boston,Suspect in Boston bombing!!!!!!! Please share and contact police with any information!!!!! Please helpŒ≤‚Ç¨¬?http://t.co/oRESuyz7f5,1,,,
boston,"http://t.co/nQcGPKqIfM the Boston suspect, the bomb, and the little boy who died.",1,,,
boston,DerniŒì¬®re Minute: Publication de la photo du suspect no.1 de l'attentat de Boston @YourAnonNews \nhttp://t.co/AeyG658tvo,1,,,
boston,#WANTED: Suspect identified as 19 year-old Dzhokhar Tsarnaev of Cambridge. Suspect considered armed &amp;Œ≤‚Ç¨¬?http://t.co/e6l1TBouBb,1,,,
boston,"Russians are too Mayne!!!\""@BREAKlNG: #WANTED: 19 yr-old Dzhokhar Tsarnaev. Suspect armed and dangerous. Call 1(800) http://t.co/JvTsnTHBCo\""",1,,,
boston,My mom just said Suspect #2 from Boston's bombing is cute... Like... Just no. -_- http://t.co/5lfIoH2tKO,1,,,
boston,Soy yo o Dzhokhar Tsarnaev se parece un poquito a Alex Turner? https://t.co/wsei6WH26p,1,,,
boston,Find these two men. œÄ¬ü‚Äò¬?Then œÄ¬ü‚Äú¬?1-800-CALL-FBI #PrayForBoston http://t.co/Sr4l9HhcM2,1,,,
boston,Dzhokhar Tsarnaev at large armed &amp; dangerous suicide vest firearm #Boston #suspect #bostonbombing http://t.co/AcJUTctbXK,1,,,
boston,Suspect in Boston bombing!!!!!!! Please share and contact police with any information!!!!! Please helpŒ≤‚Ç¨¬?http://t.co/IMcUGNXPnc,1,,,
boston,Better resolution pic of alleged suspect in Boston Marathon bombings - image released by the FBI http://t.co/OiXZxd9ljl,1,,,
boston,"#BOLO for #boston bombing suspect Dzhokhar Tsarnaev. He may be driving a gray Honda CRV, withŒ≤‚Ç¨¬?http://t.co/mILcZLdM1z",1,,,
boston,"Suspect #1 in the Boston Marathon bombing is dead, following a shootout with cops, suspect #2 is onŒ≤‚Ç¨¬?http://t.co/4B07fMc1lz",1,,,
boston,#bostonmarathon this picture makes me angry and sad at the same time!!! #coward!!! http://t.co/m4K0gwg7By,1,,,
boston,Digital billboards showing Boston Marathon suspects around Boston area. Suspect #1: http://t.co/nHAi4RYcAG (@MassBillboards),1,,,
boston,This makes me sick to my stomach. #repost #prayforboston http://t.co/huRbqhoZRU,1,,,
boston,Thank god #prayforboston http://t.co/SV8CMfQGMU,1,,,
boston,Œ≤‚Ç¨¬ú@Boston_Police #WANTED: Photo of 19 year-old Dzhokhar Tsarnaev released. Suspect considered armed &amp; dangerous. http://t.co/klHoLbXj1fŒ≤‚Ç¨¬?1,,,,
boston,FBI photo of Boston bombing suspect!! https://t.co/HWJSHsIUgk,1,,,
boston,The other #bostonmarathon suspect looks like a Twilight vampire. #itsoverbitch http://t.co/dNU667JzaE,1,,,
boston,This suspect is still on the loose in Watertown! #PrayForBoston #SpreadTheWordŒ≤‚Ç¨¬?http://t.co/4uFdN0LLK8,1,,,
boston,Photo released for #bostonmarathon bombing. Please share! #prayforboston http://t.co/YxgxYscx6C,1,,,
boston,This is the Boston bombing suspect. The first thing I wouldn't say to describe him is 'dark-skinned' http://t.co/w4dI1zvw3d,1,,,
boston,#bostonmarathon Suspects from #FBI Share/RT. http://t.co/Ktglo2pau1,1,,,
boston,I think Boston bombing suspect #2 is bow-legged. http://t.co/FW3C185W5H,1,,,
boston,Fuck these guys #watertown http://t.co/iFzn0wV5bw,1,,,
boston,Another new photo released by the FBI of the Boston Marathon explosions suspect http://t.co/H5vcdBNWHl http://t.co/pkJ6jcpP7U,1,,,
boston,"A new photo of Boston suspect #2 shows him walking, not running, from scene - look to the far left of the photo:http://t.co/klMWx1YTix",1,,,
boston,Suspect of the boston marathon bombing at loose his heavily arm may have bombs with him  if you seeŒ≤‚Ç¨¬?http://t.co/7OiYVKlE6l,1,,,
boston,The 8-year-old boy who died in the Boston bombing was photographed next to a suspect: http://t.co/s8m1oUWCjj,1,,,
boston,"BREAKING: Boston PD says 1 marathon bomber killed in shootout, suspect No. 2 still sought, believed armed, dangerous http://t.co/AQGvVyiP5B",1,,,
boston,"PLEASE SHARE SHARE SHARE, til u can't share anymore! #SUSPECTS in #bombings #PRAYFORBOSTON http://t.co/m30wwIxnu7",1,,,
boston,Here's a clearer picture of the two suspects in #BostonMarathon . Have you seen them? #FBIŒ≤‚Ç¨¬?http://t.co/k1ydZ9YCQn,1,,,
boston,"FBI just posted New Photo of Suspect #2,  Dzhokhar Tsarnaev.   #BostonMarthon http://t.co/FB7lbHGSCB",1,,,
boston,Tragic image of suspect #2 (with the white hat on) in Boston bombings and the 8 year old boy that wasŒ≤‚Ç¨¬?http://t.co/dVytiDssXD,1,,,
boston,#AHORA #BOSTON Este es Dzhokhar Tsarnaev que es buscado por el @FBIBoston como co autor del atentado (Foto) http://t.co/blzPVPP26g,1,,,
boston,FBI release new photos of Boston Marathon explosions suspect http://t.co/H5vcdBNWHl http://t.co/DekAhpndDA,1,,,
boston,#boston #captured #pieceofshit @ Tha Crib!!! http://t.co/IaQ4SS7OuA,1,,,
boston,Here they are. Go get them #BostonMarathon #bombers #fbi #photo #prayforBoston http://t.co/HWsbvrSToP,1,,,
boston,"Gotcha fucker, hope you rot in Guantanamo Bay. #prayForboston #Boston http://t.co/mBGRQFYzJW",1,,,
boston,New suspect photo from @Boston_Police: 19 year-old Dzhokhar Tsarnaev of Cambridge. Considered armed &amp;Œ≤‚Ç¨¬?http://t.co/madlm7RYSW,1,,,
boston,"RT @nycjim Wow. \""@magicandrew From friend in news in Boston. MT @amorse9 http://t.co/pYPcGbtXrV Suspect #2 moving around corner on left.\""",1,,,
boston,"Si ven a este OGT llamado Dzhokhar Tsarnaev, llamen al 1-800-CALL-FBI o al 066 en su defecto. Es peligroso el mmb. http://t.co/5wNfIioKf8",1,,,
boston,#bostonstrong #suspectincustody #bostonpolice #bostonbombing #BostonMarathon #manhunt #watertownŒ≤‚Ç¨¬?http://t.co/uyzMDZmlHF,1,,,
boston,"Dzhokhar A. Tsarnaev, 19 aŒì¬±os. #Boston http://t.co/45jbNlZW1F",1,,,
boston,"This is the #bostonMarathon #bomber. He iz 19, armed and dangerous, and is still on the loose. DudeŒ≤‚Ç¨¬?http://t.co/kUWnvCnGJF",1,,,
boston,#Persons of #interest. #Bostonmarathon #bombing . Call #FBI at 1-800-225-5324  or email Boston@ic.fbi.gov http://t.co/Baw7zdHE1Z,1,,,
boston,#suspect2 wanted in the #marathonbombing #bostonmarathon #bostonmarathonbombing #bostonstrong http://t.co/Qlti3V6lay,1,,,
boston,Here's a screen-grab from the new very high-res image that appears to show Boston suspect: http://t.co/X0DwVEx8AB (@ravisomaiya),1,,,
boston,"Manhunt: Dzhokhar Tsarnaev. #Bostonians, stay in doors! We are on lockdown. Please do not open yourŒ≤‚Ç¨¬?http://t.co/aQjabyoaqB",1,,,
boston,"MOSTRA O ROSTO, MOSTRO ROSTO!! http://t.co/4oUwhYsNSy #exclusivo #bostonmarathon",1,,,
boston,WHOOOO! Got Him #Captured #In #Custody #Boston #Marathon #Bomber #Alive #Suspect2 #MURICA Yeah buddy! http://t.co/Xc239DdJlS,1,,,
boston,They Got Him #prayforboston http://t.co/JHoNjFYiOZ,1,,,
boston,That's what happens when u mess up with the wrong city! U end up #CAPTURED http://t.co/GzFsSc1WM1,1,,,
boston,New photo from FBI of Suspect No. 2 -- Dzhokhar A. Tsarnaev -- still at-large in Boston Marathon bombings !!!! http://t.co/KeVlyklJE0,1,,,
theme,post_text,label,,,
bowie,"David Bowie as Tilda Swinton with Tilda Swinton as David Bowie #photography by Jack Cronenweth, 2013 https://t.co/clHc6h7O6w",0,,,
bowie,#DavidBowie as Tilda Swinton and Tilda Swinton as #DavidBowie c. 2013 https://t.co/pABciN4Arj,0,,,
bowie,David Bowie as Tilda Swinton. Swinton as Bowie. The stars look very different today #DavidBowie #RIPBowie #art https://t.co/OJtXNJsrdi,0,,,
bowie,David Bowie and Tilda Swinton Dressed As Each Other https://t.co/WEno9UOT7k,0,,,
bowie,"Awesomeness. David Bowie as Tilda Swinton. Tilda Swinton as David Bowie. Because, of course. http://t.co/3n2otnmcW2",0,,,
bowie,David Bowie and Tilda Swinton switch places. RIP a true icon #DavidBowie https://t.co/ydcpqR9Owe,0,,,
bowie,Bowie disfrazado de Tilda Swinton \nSwinton disfrazada de David Bowie. https://t.co/7cnozI92Qq,0,,,
bowie,Tilda Swinton and David Bowie as each other. https://t.co/pv6N0S4g5P,0,,,
bowie,"David Bowie in the form of Swinton and Tilda Swinton in the image of David Bowie, 1990 http://t.co/TVyNujJitO",0,,,
bowie,David Bowie dressed as Tilda Swinton and Tilda dressed as David Bowie. I just reached the end of the Internet. http://t.co/25CbP9jFgI,0,,,
bowie,Lemmy and Bowie together. This is my absolute favorite picture I've seen in a long time. #RIPDavidBowie #RIPLemmy https://t.co/xAibp0Ejin,0,,,
bowie,Bowie and Lemmy. Together again. https://t.co/rD3U8J8HvT,0,,,
bowie,I love this shot @DavidBowieReal @myMotorhead \nLemmy and David Bowie together\nThe years have rolled on. https://t.co/3vDNtEgnyS,0,,,
bowie,#LEMMY #... #shows #musicians #David #Bowie #and #Lemmy #Kilmister #together #at #a #party‚Ä?https://t.co/HiKnIR5xcV https://t.co/EeXlJ5Xr4q,0,,,
bowie,David Bowie and Lemmy Kilmister https://t.co/g2tqHCr9EP,0,,,
bowie,"Descansen en paz, David Bowie y Lemmy Kilmister. https://t.co/4HlnfTmU6B",0,,,
bowie,Bowie and Lemmy together again !!!#LemmyRIP  #bowieRIP https://t.co/6uIBoTL87v,1,,,
bowie,"#DavidBowie + #Lemmy...I cant seem to find a pixure of Bowie, Lemmy + Natalie Cole together @iheartyma @ByrdBardot https://t.co/qOH999PYqb",1,,,
bowie,Bowie and Lemmy together (1974?) as found in San Diego record store https://t.co/strO2sdxvW,1,,,
bowie,RT @TommyJoeRatliff: ‚ù§Ô∏è‚ù§Ô∏è‚ù§Ô∏è‚ù§Ô∏è https://t.co/6OjRm0eLwm,1,,,
bowie,RT @AlexSkolnick: https://t.co/bD43ke62lR,1,,,
bowie,RT @AlexSkolnick: https://t.co/bD43ke62lR,1,,,
bowie,"RT @thedailybeast: Tilda Swinton on David Bowie: ""[He] looked like someone from the same planet as I did"" https://t.co/MK1mjrPILw https://t‚Ä?,1
bowie,RT @iwittmann: Queria saber quantos anos mais a gente vai ter que esperar pra ver a Tilda Swinton interpretando o Bowie em uma bio. https:/‚Ä?1
bowie,OMG... #RIP David Bowie https://t.co/5P2FD9cW3J,1
bowie,RT @MarlowNYC: Tilda Swinton on David Bowie: """"[He] looked like someone from the same planet as I did"""" https://t.co/rh874z89Sw https://t.co/‚Ä?",1,,,
bowie,RT @TheFilmStage: Tilda Swinton reflects on the influence of David Bowie: https://t.co/Pt6Npt0KWA https://t.co/bk99i31lbb,1,,,
bowie,"RT @thedailybeast: Tilda Swinton on David Bowie: ""[He] looked like someone from the same planet as I did"" https://t.co/5uxHu02wrK https://t‚Ä?,1
bowie,RT @thedailybeast: Tilda Swinton on David Bowie: """"[He] looked like someone from the same planet as I did"""" https://t.co/5uxHu02wrK https://t‚Ä?",1,,,
bowie,"RT @thedailybeast: Tilda Swinton on David Bowie: ""[He] looked like someone from the same planet as I did"" https://t.co/vYGa88Nvva https://t‚Ä?,1
bowie,RT @thedailybeast: Tilda Swinton on David Bowie: """"[He] looked like someone from the same planet as I did"""" https://t.co/MK1mjrPILw https://t‚Ä?",1,,,
bowie,"RT @thedailybeast: Tilda Swinton on David Bowie: ""[He] looked like someone from the same planet as I did"" https://t.co/MK1mjrPILw https://t‚Ä?,1
bowie,RT @summerbrennan: https://t.co/0bGQvy9hE6,1
bowie,Forever #DavidBowie https://t.co/9GfWIvP401,1
bowie,RT @dark_shark: Words cannot express: RIP David Bowie https://t.co/g40zLWl3qq https://t.co/R94E6LMw9C,1
bowie,RT @dark_shark: Words cannot express: RIP David Bowie https://t.co/g40zLWl3qq https://t.co/R94E6LMw9C,1
bowie,#DavidBowie He felt like a bud", one of the gang. So sad 4 family. Another very real reminder...life," so precious https://t.co/aRD75XyGTC""",1,
bowie,RIP #DavidBowie you were a true media  #innovator https://t.co/QjDxCd9DzF,1,,,
bowie,"RT @NetworkISA: ""The years really do speed by. Life really is as short as they tell you it is."" - David Bowie. #mondaymotivation https://t.‚Ä?,1
bowie,RT @slicingeyeballs: David Bowie", Jan. 8, 1947 ‚Ä?Jan. 10," 2016 https://t.co/DgRE18H9kl https://t.co/WAuTGueC75""",1
bowie,RT @HotNewHipHop: RIP David Bowie üôè https://t.co/xdj2wzSi22,1,,,
bowie,Glad we get to keep the music #RIPDavidBowie https://t.co/gL9oUrywpj,1,,,
bowie,"RT @MusicaNeo: After 18-month battle with cancer, David Bowie dies at 69, leaving exceptional music legacy https://t.co/EAN57Fp9DK https://‚Ä?,1
bowie,R.I.P. #DavidBowie He died peacefully today surrounded by his family after a courageous 18 month battle with cancer. https://t.co/o1kWSFVzLu,1
bowie,David Bowie and Catherine Deneuve at the Neptune Diner in Astoria", New York," 1982.\nPhoto by Jean-Claude Deutsch https://t.co/eFAikdnTaH""",1,
bowie,David Bowie and Catherine Deneuve https://t.co/JgibqKw9pi,1,,,
bowie,RT @NJBlackwood: https://t.co/BIgpw90bL2,1,,,
bowie,RT @JulieMG: Bowie et Deneuve &lt;3 https://t.co/zKL8FMmFBN,1,,,
bowie,RT @GiveMeAstoria: David Bowie and Catherine Deneuve relaxing at the Neptune diner in Astoria 1982.\nRIP Bowie\nImage: @QueensGazette https:/‚Ä?1,,,,
bowie,RT @Dischivolanti: David Bowie e Catherine Deneuve. https://t.co/NXe54zkjzn,1,,,
bowie,"RT @PhotosHistos: David Bowie et Catherine Deneuve, The Hunger, 1982 #histoire #cinema #musique #RIPDavidBowie https://t.co/GPVBHRbZ8r",1,,,
theme,post_text,label,,,
eclipse,"\""@ebonfigli: √âclipse vue de l'ISS... Autre chose... http://t.co/yNBN7c4O51\""\n\nLa cr√©ation divine n'a pas de limite üòç",0,,,
eclipse,"\""@ebonfigli: √âclipse vue de l'ISS... Autre chose... http://t.co/yNBN7c4O51\""\n\nLa cr√©ation divine n'a pas de limite üòç",0,,,
eclipse,Dit dus \0/ RT ‚Äú@News_Executive: The Solar eclipse seen from International Space Station. #SolarEclipse #ISS #Space http://t.co/0Y00h85ECN‚Ä?0,,,,
eclipse,Photo: The Solar eclipse as seen from the International Space Station. #SolarEclipse #ISS #Space http://t.co/mvmWFks6Jg,0,,,
eclipse,"‚Äú@planetepics: A solar eclipse, viewed from the I.S.S. http://t.co/D8pPaRequp‚Ä?@baby_leaf001 we saw this in iss",0,,,
eclipse,"\""@Esboz_arte: #Ciencia: As√≠ han visto el eclipse solar desde la estaci√≥n espacial internacional (@ISS_Research) http://t.co/6osgx2BJD6\""",0,,,
eclipse,Impresionante el eclipse desde la ISS ( estaci√≥n. Espacial internacional) #eclipse http://t.co/9t6RvhIe6n,0,,,
eclipse,#SolarEclipse http://t.co/3yDe4125cM,0,,,
eclipse,Photo: A solar eclipse and the Milky ¬†Way seen from the ISS I am practically in tears over how beautiful... http://t.co/1yFSmcFvEy,0,,,
eclipse,Photo: A solar eclipse and the Milky ¬†Way seen from the ISS I am practically in tears over how beautiful... http://t.co/35Ba25vxcS,0,,,
eclipse,Photo: A solar eclipse and the Milky ¬†Way seen from the ISS I am practically in tears over how beautiful... http://t.co/fkfkKiFcGT,0,,,
eclipse,"PHOTO - Eclipse de soleiƒ∫ et voie lact√©e vues depuis l'ISS, station spatiale internationale via @johnchege http://t.co/kW7Om809ok",0,,,
eclipse,Solar eclipse at the ISS anyone?! Probably the best view we'll get up North today :| http://t.co/WvpbSP2o0S,0,,,
eclipse,Check out the view of the solar eclipse from the ISS. http://t.co/RDSHAkc2J6,0,,,
eclipse,"\""@LeeSchofield13: Solar eclipse at the ISS anyone?! Probably the best view we'll get up North today :| http://t.co/TaNE3MhkIF\"" #fb",0,,,
eclipse,@ThingsJonesDoes here‚Äôs the pic of the eclipse from the astronauts flying house (ISS) for him http://t.co/Fl3pPOsULo,0,,,
eclipse,RT @Globe_Pics: Solar eclipse at the ISS. #eclipse #eclipse2015 via @itvnews http://t.co/DhCZbNkMnH that's an Eclipse,0,,,
eclipse,das toch een pak impressionanter precies...  RT @Globe_Pics \nSolar eclipse at the ISS #eclipse #eclipse2015 http://t.co/BoF2Xiy831,0,,,
eclipse,Stunning image of Earth seen from ISS during total solar eclipse¬†2015 http://t.co/I9vHMG989c http://t.co/8oyz3xn0fS,0,,,
eclipse,Solar eclipse from ISS.. fantastic! and plenty of cloud for all of us down on earth. #solar #eclipse http://t.co/KV6ge38oEk,0,,,
eclipse,"WHOAHHH\n\""@guardianweekly: Solar eclipse over London hidden by cloud, so here is a shot from the ISS #SolarEclipse http://t.co/ddOsK9fHNf\""",0,,,
eclipse,Foto: iwanttobeagrownup: A solar eclipse and the Milky ¬†Way seen from the ISS I am practically in tears... http://t.co/yKJog0Mp5a,0,,,
eclipse,Photo: tonyballer: priceofliberty: hugsfromhugo: A solar eclipse and the Milky ¬†Way seen from the ISS I am... http://t.co/gvBQuz33qv,0,,,
eclipse,quite a view. the solar eclipse from the ISS. via http://t.co/wBgB5s9loX http://t.co/o6QdXoMxOb http://t.co/slNMbSq9RU,0,,,
eclipse,quite a view. the solar eclipse from the ISS. via /r/pics http://t.co/r4rK85ZQ1H #pics http://t.co/Mg09S8YO0v,0,,,
eclipse,Sch√∂nstes Fake seit #varoufake MT @guardianweekly: Solar eclipse from the ISS #SolarEclipse http://t.co/bNMRmkADQ4 #Sonnenfinsternis,0,,,
eclipse,Oh my god. Eclipse from the ISS. Absolutely mindblowing! http://t.co/ZlOeDL7o1w,0,,,
eclipse,http://t.co/OaIWALuN1y: Eclipse 03-20-2015 photo from ISS #beautiful #bestPic #eclipse #eclipse2015 #universe #inf‚Ä?http://t.co/gcmaCn08kH,0,,,
eclipse,‚Äú@RobKochmedia: Captivating RT @Chari_CBS12  Solar eclipse from the ISS.  #SolarEclipse http://t.co/lMJl128rlR‚Ä?@KathrynProciv,0,,,
eclipse,In times of dense fog a space station really pays off: Solar eclipse at the ISS. #eclipse #eclipse2015 http://t.co/gQRUQ3fMyS,0,,,
eclipse,"Ë®ÄËëâ„Åå„Å™„ÅÑ‚Ä¶„ÄÇ\n\""@Yano_Akiko: ISS„Åã„Çâ„ÅÆÁöÜÊó¢Êó•È£ü„ÄÇ@J4CKMULL: Solar eclipse from the International Space Station http://t.co/APOm44LvYM\""",0,,,
eclipse,This is supposedly the remarkable moment when\nastronauts on board the ISS captured the solar eclipse. http://t.co/6cOmdmJPpn,0,,,
eclipse,LOOK AT HOW FUCKING COOL\nthe Milky Way and the solar eclipse seen from the ISS http://t.co/KmGiu88fJY,0,,,
eclipse,ICYMI: Here's what the solar eclipse looked like from the ISS. http://t.co/jAv1fyZpkt #photography @basickrecords,0,,,
eclipse,Did you miss the eclipse last week? ISS has you covered. http://t.co/qyLR6Q82GF,0,,,
eclipse,Solar eclipse and the Milky Way seen from the ISS It's so beautiful http://t.co/RL7UibjqBm,0,,,
eclipse,"For me this picture of last weeks solar eclipse wins the internet today,stunning image taken from the ISS :) http://t.co/GTYWBPfarP",0,,,
eclipse,"Solar Eclipse &amp; Milky Way, as seen from the ISS.\n\n(via @johnchege @hollyhodson \n@SteveAkinsSEO @AnnTran_) http://t.co/MReAoWR9Z6",0,,,
eclipse,A Super New Moon Solar Eclipse on March 20! - http://t.co/VWx0Hf5y9V #solareclipse #supernewmoon #astrology http://t.co/Ogl6GgJXRR,0,,,
eclipse,Priests of #Antinous in 5 nations are celebrating Friday's #Equinox #SolarEclipse with special ritual ceremonies. http://t.co/64YEoRpB91,0,,,
eclipse,"Upcoming Equinox ~ New Moon ~ Total #SolarEclipse - March 20, 2015! http://t.co/DRsUSTXKtb http://t.co/K9iP4dTZN4",0,,,
eclipse,At 8:25 is the start of a #SolarEclipse in the UK so everyone set your alarms #space #NASA #amazing http://t.co/Dpv2y02hwT,0,,,
eclipse,#SolarEclipse 2015 |Some parts of the world will witness a solar... http://t.co/VDlhQ7D0s0,0,,,
eclipse,Hope this cloud clears!! #SolarEclipse #eclipse2015 #NewBeginning #vibratehigher http://t.co/THwy2dmflP,0,,,
eclipse,#DidYouKnow That the last total #SolarEclipse over the UK was in 1999? #eclipse2015 @NASA @CarCliq @swanswaygroup http://t.co/3cqDKS9Njd,0,,,
eclipse,"Marvelous #picoftheday RT \""@J4CKMULL: #Solareclipse from the International Space Station http://t.co/EtdsafLi3D\"" #iss @ISS_Research",0,,,
eclipse,Now that's cool. ‚Äú@DonnybrookD4: .@dan_bowen: http://t.co/BcOTAL5J14 solor eclipse from space #SolarEclipse‚Ä?0,,,,
eclipse,‚Äú@ApexDirectMail: A great photo of the Eclipse taken from the International Space Station #eclipse2015 #SolarEclipse http://t.co/FdAG25ihSk,0,,,
eclipse,A great photo of the Eclipse taken from the International Space Station #eclipse2015 #SolarEclipse http://t.co/v96BoGqYMX,0,,,
eclipse,In 1 hour: The most powerful #solareclipse since 1999 is happening at http://t.co/GS3lcDrnWv http://t.co/eJbZuj1YUe,0,,,
eclipse,Where will you be during the #SolarEclipse? top tips for viewing the phenomenon http://t.co/6VzvWm0gtM @LondonMidland http://t.co/832CMNbHwr,0,,,
eclipse,"For me,this picture of last weeks solar eclipse taken from the ISS wins the internet today,stunning image,enjoy :) http://t.co/osLTrdYo2E",0,,,
eclipse,"Wow, eclipse yesterday taken from ISS #iHeartAwards #BestFanArmy #5SOSFAM #kca #vote5sos http://t.co/RiNstS4LFo",0,,,
eclipse,Ecliptic inspiration... \n#SolarEclipse #StargazingLive #eclipse2015 @ProfBrianCox @daraobriain http://t.co/jwsMrqlecs,0,,,
eclipse,Solar Eclipse and Milky Way seen from ISS (International Space Station) http://t.co/FsmkBqxNlt,0,,,
eclipse,Picture of the eclipse from the summit of Scafell Pike‚Ä?or is it perhaps from the ISS? http://t.co/7M7EHq1kVV,0,,,
eclipse,Stunning image of Earth seen from ISS during total solar eclipse of 2015. Wow! http://t.co/P4Aai18aSD Image: @NASA http://t.co/M9up3MsdaQ‚Ä?0,,,,
eclipse,"@kayaburgess @Brays_Cottage It's not a \""fake\"", it's just not a photograph of todays eclipse from the ISS. http://t.co/b6s6FmZ2FK",0,,,
eclipse,The eclipse from the ISS that would look so much more amazing in person astronauts are jammy cunts http://t.co/5DmRutGzXL,0,,,
eclipse,#SolarEclipse 2015 | ‚Äú‚Ä¶and We send not the signs except as a warning.‚Ä?[Qur æƒÅn]  http://t.co/4y5uBcdFtO,0,,,
eclipse,Solar Eclipse and the Milky Way seen from the ISS http://t.co/2WAggpxWHZ,0,,,
eclipse,Thierry Legault Captures ISS Transit of the Sun ‚Ä?During Eclipse! http://t.co/EDKDmBbAQS http://t.co/zoeN9YUJbn,1,,,
eclipse,Thierry Legault Captures ISS Transit of the Sun ‚Ä?During Eclipse! http://t.co/bFTxBntaYR http://t.co/bgxPejjVUt,1,,,
eclipse,"Amazing! RT @universetoday: \""Thierry Legault Captures ISS Transit of the Sun During Eclipse!\"" http://t.co/qUOKRwtU3W http://t.co/CYOipOZN8m",1,,,
eclipse,Transito da ISS durante o eclipse. Fotografias de Thierry Legault http://t.co/bK52GmTEXQ http://t.co/Jdksg9Gt3E,1,,,
eclipse,Double partial eclipse: the ISS and the Moon\n\nCredit : Thierry Legault http://t.co/OgCUIdrjsP,1,,,
eclipse,The shadow of the eclipse from the space station ISS http://t.co/EKDleOMVo2,1,,,
eclipse,El eclipse y la ISS por Thierry Legault desde Fregenal de la Sierra (Badajoz) @aahuesca http://t.co/Pk9fjsIB1d,1,,,
eclipse,@AstroTerry @AstroSamantha Check it out! The ISS during the eclipse.üòçlove this pic.\n(Via @ThierryLegault ) http://t.co/PJbvZFQ2LC,1,,,
eclipse,Solar eclipse with transit of the ISS - March 20 2015 via http://t.co/uvnsIOl57W #FailingTheHonest http://t.co/hk19Hk2k7s,1,,,
eclipse,Solar eclipse with transit of the ISS - March 20 2015 http://t.co/E8h8W5Jmja #pics #reddit http://t.co/RtfcODwgSl,1,,,
eclipse,"\""@BadAstronomer: ISS crossing the Sun *during* the eclipse! http://t.co/Osym2AWst9 http://t.co/eY1oiKxZ8D\"" ULTIMATE PHOTOBOMB",1,,,
eclipse,Solar eclipse with an ISS transit over Spain Credi‚Ä?http://t.co/xZZUrijymT http://t.co/i29Pe3R8wx,1,,,
eclipse,"Melhor foto do eclipse de hoje disparada! ISS, Lua e Sol! http://t.co/ZgXBiTNsqL http://t.co/A7arw25Qg1‚Ä?@PAULO_RICARDO__",1,,,
eclipse,Partial solar eclipse with a transit of the ISS - March 20 2015 http://t.co/cbmwL0I7zB http://t.co/RY3jP0mUXS,1,,,
eclipse,Amazing double eclipse from Friday. Moon and ISS at same time. http://t.co/pIrhLQJDj6,1,,,
eclipse,'A Double Eclipse of the Sun' Image:  http://t.co/hWSCWSennL via #NASA_App &lt; Êó•Ëùï„ÇíÊ®™Âàá„Çã ISS (*^_^*) http://t.co/9InNrj7yax,1,,,
eclipse,"Doble eclipse del Sol por la Luna y la ISS del 20 marzo. Foto de Thierry Legault, Fregenal de la Sierra, Espa√±a. http://t.co/cQdHS8Pfar",1,,,
eclipse,Solar eclipse and transit of ISS . . . Photographed by Thierry Legault http://t.co/MUGfAHIEoG,1,,,
eclipse,‚Äú@ObservingSpace: Solar eclipse with an ISS transit  #ISS #spain #solareclipse http://t.co/RxaR55kwYG‚Ä?Imperial TIE Fighters detected!,1,,,
theme,post_text,label,,,
fuji,‚Äú@TheFactsBook: Lenticular clouds over Mount Fuji: http://t.co/Dlrmur2Rfu‚Äùlet's go check out these lenticular clouds!! @a__snyd,0,,,
fuji,"Merry Christmas: Lenticular clouds over Mount Fuji: http://t.co/2GGZPf5OtQ"" #MerryChristmas",0,,,
fuji,Dem Lenticular Clouds (over Mount Fuji) #luggage #travel http://t.co/fCPArZRrUo http://t.co/JifrPQQPUf,0,,,
fuji,Mount Fuji lenticular clouds ‚Ä?It looks like another summit to climb? A mountain pine tree perhaps? http://t.co/GolnW27ZdW,0,,,
fuji,@TheFactsBook: Lenticular clouds over Mount Fuji: http://t.co/PzrQ3dgLcR when the wu goes thru to the party @_yungdlo365,0,,,
fuji,"the mothership has landed! Lol #majestic  ""@TheFactsBook: Lenticular clouds over Mount Fuji: http://t.co/MV9mFZE7CA""",0,,,
fuji,"Photo: Lenticular clouds over Mount Fuji, Japan. #amazing #earth #clouds #mountains http://t.co/38XGVlF9hl",0,,,
fuji,‚Äú@TheFactsBook: Lenticular clouds over Mount Fuji: http://t.co/hVOa9VAGm5‚Äù@JordanHart3313 @bryce_larson @TaylorWobschall @Noah_Jiskra,0,,,
fuji,Wow! RT @Gorgeousness_ Stunning RT @TheFactsBook: Lenticular clouds over Mount Fuji: http://t.co/UQEGGAR90t,0,,,
fuji,"‚úØMagical splendor‚úØüí?""@beautifulpixx Lenticular clouds, Mount Fuji http://t.co/mZnGuXKZBD""",0,,,
fuji,‚Äú@TheFactsBook: Lenticular clouds over Mount Fuji: http://t.co/M6hD1ZOki6‚Ä?@TJTartaro @vinny_ray holy shit,0,,,
fuji,‚Äú@TheFactsBook: Lenticular clouds over Mount Fuji: http://t.co/29Vi8bVWXg‚ÄùVery cool. #zen #breathe #SmileMore #health http://t.co/Li78rmbs6e,0,,,
fuji,@TheFactsBook: Lenticular clouds over Mount Fuji: http://t.co/2yCG2Ehcp9 @mad_ice_son weather and climate coming in clutch. üòÇ,0,,,
fuji,‚Äú@TheFactsBook: Lenticular clouds over Mount Fuji: http://t.co/1D1zUpOpri‚Ä?@NicoletteWomack just in case you already miss meteorology. üòÅüòÜ,0,,,
fuji,Cedar tree cloud formed by Lenticular clouds over Mount Fuji: @WeAreLebanon @lebanonnews @lebanonpics @lebanondebate http://t.co/RC3Dol50Oc,0,,,
fuji,‚Äú@waleednassif: Cedar tree cloud formed by Lenticular clouds over Mount Fuji: http://t.co/c3gHv0UjCl‚Ä?@elissakh @ILoveLebanonBcz üíïüíïüòçüòç,0,,,
fuji,"‚Äú@MarySchiavo: RT @AvWeekGuy Lovely lenticulars! RT @adventuregirl: ""Lenticular Clouds over Fuji @Gabriele_Corno"" http://t.co/xrNJJH2L3S‚Ä?,0
fuji,#Beautiful #SaveNature RT @TheFactsBook: Lenticular clouds over Mount Fuji: http://t.co/XKMqzwrVkS,0
fuji,@NYsSQUARE_YOU: („Çúœâ„Çú) RT @TheFactsBook: Lenticular clouds over Mount Fuji: http://t.co/bIFqknPpVq cool,0
fuji,‚Äú@TheFactsBook: Lenticular clouds over Mount Fuji: http://t.co/88nVgQsHyc‚Ä?@arunbaboon God blowing Os,0
fuji,@TheFactsBook: Lenticular clouds over Mount Fuji: http://t.co/xgzhImzLnu amazing! I'm sure it can be explained scientifically.,0
fuji,@TheFactsBook: Lenticular clouds over Mount Fuji: http://t.co/Ak79wdd6N2 THIS LOOKS LIKE AINCRAD!!! @sao_anime,0
fuji,hit"," kje je oceeeeeeeet?!? """"@TheFactsBook: Lenticular clouds over Mount Fuji: http://t.co/eMm5WhE9en""""""",0,,
fuji,You can't tell me God isn't real. ‚Äú@TheFactsBook: Lenticular clouds over Mount Fuji: http://t.co/baksDCklLh‚Ä?0,,,,
fuji,"[AmazingPicx] Lenticular clouds over Mount Fuji, Japan. http://t.co/jXLwPspUeh http://t.co/fHggHzWNim",0,,,
fuji,‚Äú@TheFactsBook: Lenticular clouds over Mount Fuji: http://t.co/mIp1x2q1R9‚Ä?@Mary_moo22 super clouds!,0,,,
fuji,'@TheFactsBook Lenticular clouds over Mount Fuji: http://t.co/lo34ozdDws'\n\nThis is insanely beautiful,0,,,
fuji,"My God, look at how beautiful that is... üòÆ ""@TheFactsBook: Lenticular clouds over Mount Fuji: http://t.co/DIJWyLyLz0""",0,,,
fuji,If they were round would they be testicular? RT @awkwardgoogle Lenticular Clouds over Mount Fuji!. http://t.co/l7Yv0MAzJy,0,,,
fuji,@TheFactsBook: Lenticular clouds over Mount Fuji: http://t.co/wiRWfx28TB tenemos que ir ah√≠ üòêüòêüòê @seer935,0,,,
fuji,Lenticular clouds over Mount Fuji: \n\nhttp://t.co/QXj5bU2IwL \n\n@tera_malang @KamranSheikh003 @salmanzqueen,0,,,
fuji,"Spectacular - Fuji is a special, sacred ‚Äú@TheFactsBook: Lenticular clouds over Mount Fuji: http://t.co/itl624ONA4‚Ä?,0
fuji,Lenticular Clouds Over Mount Fuji - Funny Pictures at Videobash http://t.co/FG66Y11f2F via @videobash,0
fuji,promisljeno I razigrano ...""""@BrilliantPosts: Mount Fuji lenticular clouds http://t.co/Epr7J35kmj""""""",0,,,
fuji,"‚Äú@alphabetsuccess: Lenticular clouds over Mount Fuji, Japan. via @AmazingPicx\nhttp://t.co/O4iUPxUydE‚Ä?Star Destroyer landing! #StarWars",0,,,
fuji,"@TheMattBRoberts another amazing shot: ""Lenticular clouds over Mount Fuji, Japan. \n\nvia @AmazingPicx\n\nhttp://t.co/9fBTLgh82S""",0,,,
fuji,‚Äú@TheFactsBook: Lenticular clouds over Mount Fuji: http://t.co/JtTrmutq9D‚Ä?to drift down this mountain and see this üëå,0,,,
fuji,"‚Äú@Benz10305: ""@ROMACARY: üíô Lenticular clouds over  Mount Fuji ~ JAPAN thanksüíù RTüíù http://t.co/RD2dKomE0v""‚Ä?,0
fuji,: üíô Lenticular clouds over  Mount Fuji ~ JAPAN thanksüíù RTüíù http://t.co/cqsJ9wE1cN""""‚Ä?""""",0,,,
fuji, @BEAUTIFULPlCS : Lenticular clouds over Mt. Fuji in #Japan. http://t.co/BR98iTpQfV  wooow !! üòÉüòÉ COOL üëçüëçüòÉüòÉ ... Wooow !! üòÉüòÉ,0,,,
fuji,@BEAUTIFULPlCS: Lenticular clouds over Mt. Fuji in #Japan. http://t.co/aJ9Sw3xwh9@Jowell_THJ @jenniferlsfzxc üòÇüòÇ,0,,,
fuji,‚Äú@BEAUTIFULPlCS: Lenticular clouds over Mt. Fuji in #Japan. http://t.co/srWMIxkWfG‚Ä?what a spectacular thing üòç xx,0,,,
fuji,Herkese iyi ak≈üamlar. \nBa≈üƒ± kat kat dumanlƒ± daƒülar.\n Lenticular clouds over Mt. Fuji in #Japan. @BEAUTIFULPlCS:\nhttp://t.co/ECqpbYJpPR,0,,,
fuji,"@LittleClaire_70! Did you see this??""@BEAUTIFULPlCS: Lenticular clouds over Mt. Fuji in #Japan. http://t.co/Bz0uqHS48d‚Ä?,0
fuji,Crazy. RT @BEAUTIFULPlCS: Lenticular clouds over Mt. Fuji in #Japan. http://t.co/Hdze0Hmls5 #clouds #lenticular #nature,0
fuji,https://t.co/Pl6zF5YG3F RT @WeatherPicture Lenticular Clouds Wow I had no idea about spectacular cloud formations http://t.co/sXTwxeugiY,0
fuji,Mount Fuji lenticular Clouds (Japan). http://t.co/szvekXblbJ via http://t.co/X7JTlRmcms,0
fuji,‚Äú@BEAUTIFULPlCS: Lenticular clouds over Mt. Fuji in #Japan. http://t.co/HSRinRUzCW‚Äù„ÅÑ„ÅÑ„Å≠üëç,0
fuji,So f*cking sugoiiiii &gt;&lt; """"@TheFactsBook: Lenticular clouds over Mount Fuji: http://t.co/XGzXwDyZwi""""""",0,,,
fuji,"It is not a UFO ! http://t.co/ALvyuvxvYT But Lenticular clouds over Mount Fuji,Japan:) A Beautiful Pic Via @alphabetsuccess &amp; @AmazingPicx:)",0,,,
fuji,"‚Äú@EarthPicsx: Lenticular clouds over Mount Fuji, Japan. http://t.co/092Ts1s431‚Ä?@__nimbus__ I feel like you would get joy w this",0,,,
fuji,"‚Äú@AmazingPicx: Lenticular clouds over Mount Fuji, Japan. http://t.co/gwztfmbWIy‚Äù@farseer22",0,,,
fuji,@shaahandbook @dougmac2011 this is a cool FAKE picture! Lenticular clouds over Mount Fuji http://t.co/LcsjYdYVei http://t.co/2ghRAi5z6g,0,,,
fuji,#Lenticular clouds over Fuji #fuji #Japan http://t.co/2M2x5DP25F via @Gabriele_Corno \n@Timothy_Hughes @drninaansary,0,,,
fuji,RT @Gabriele_Corno: Lenticular clouds over Fuji #fuji #Japan http://t.co/oNX5mhfEPp http://t.co/DHiapugbxZ\n\nLenticular clouds over Fuji‚Ä?0,,,,
fuji,‚Äú@Gabriele_Corno: Lenticular clouds over Fuji #fuji #japan #fujisan http://t.co/iZ6d7ZkuqD‚Äùthat can't be real...,0,,,
fuji,‚Äú@Gabriele_Corno: Lenticular clouds over Fuji #fuji #japan #fujisan http://t.co/rgb92nqeBa‚Ä?truly remarkable! Thanks for sharing,0,,,
fuji,‚Äú@Gabriele_Corno: Lenticular clouds over Fuji #fuji #japan #fujisan http://t.co/letkAnuDsW‚Ä?Star Destroyer! #starwars,0,,,
fuji,"„É©„Éî„É•„Çø„ÅØÊú¨ÂΩì„Å´„ÅÇ„Å£„Åü„Çì„Å†‚Ä?RT @belkacemi Lenticular clouds over Mount Fuji, Japan. http://t.co/XfRW5mvLGg",0,,,
fuji,"„ÅÇ„Çä„Åæ„Åõ„Çìhttp://t.co/Y7ctVfc9DC RT @arakyou: „É©„Éî„É•„Çø„ÅØÊú¨ÂΩì„Å´„ÅÇ„Å£„Åü„Çì„Å†‚Ä?RT @belkacemi Lenticular clouds over Mount Fuji, Japan. http://t.co/TADQscNn9I",0,,,
fuji,Lenticular clouds over Mt. Fuji - From Stunning Lenticular Pictures http://t.co/BkbipZNNa8 http://t.co/F0SVs64RLD,0,,,
fuji,"RT @World Lenticular Clouds over Mount Fuji, Japan. http://t.co/1WvVx2IXe7 &gt; beautiful üòòüòòüòò",0,,,
fuji,"WOOWW...awannya bisa begitu bentukannya. RT @World: Lenticular Clouds over Mount Fuji, Japan. http://t.co/TBD8B8B908",0,,,
fuji,"I think that is an Angel ready to attack Central Dogma RT @World: Lenticular Clouds over Mount Fuji, Japan. http://t.co/y3Twrw5I0a",0,,,
fuji,"Woow üò±üò± RT @newsplatter: ALIEN ATTACK!! RT @World: Lenticular Clouds over Mount Fuji, Japan. http://t.co/VHTRPgCAf5",0,,,
fuji,"@World: Lenticular Clouds over Mount Fuji, Japan. http://t.co/TwB3uHut4C dalga ge√ßiyorsuuuuunnnn :-)",0,,,
fuji,"Enjoy your senses...   ""@World: Lenticular Clouds over Mount Fuji, Japan. http://t.co/svVS4VNSZ7""",0,,,
fuji,disiosilva: RT ATommyh2: ‚ÄúGabriele_Corno: Lenticular clouds over Fuji #fuji #japan #fujisan http://t.co/QjGUo3b6cL‚Ä?Star Destroyer! #starw‚Ä?0,,,,
fuji,Good morning. Wonderful photo of Mt. Fuji. üóª\n.@Gabriele_Corno: Lenticular clouds over Fuji #Fuji #Japan http://t.co/IfAaUJsalj,0,,,
fuji,"Lenticular clouds over Fuji, Japan......#Awesome #amazing #cool #colors #magic #majestic #mistyc #dream #dreamers #‚Ä?http://t.co/H7VHftZjAg",0,,,
fuji,"Foto: teenage-hoodlum: Lenticular clouds over Mount Fuji, Japan. These are stationary lens-shaped clouds... http://t.co/1RiE2ZM4Mz",0,,,
fuji,"@Regrann from @gabriele_corno -  Lenticular clouds over Fuji, Japan......#Awesome #amazing #cool #colors #magic #ma‚Ä?http://t.co/yziiWCZ2V5",0,,,
fuji,"@alphabetsuccess: Lenticular clouds over Mount Fuji, Japan. \n\nvia @AmazingPicx\n\nhttp://t.co/0QrGsw6fhP wow it's so beautiful üòä",0,,,
fuji,"RT @Gabriele_Corno Lenticular Clouds over Mount Fuji, #Japan\nVia @booksthatmatter @Applebees http://t.co/BCMU94YdML",0,,,
fuji,"Lenticular clouds over Mount Fuji, Japan. These are stationary lens-shaped clouds that form at high altitudes, usua‚Ä?http://t.co/UHXmzJarYE",0,,,
fuji,@TheFactsBook: Lenticular clouds over Mount Fuji: http://t.co/UrwhtaiD3x amazing!!,0,,,
fuji,Let's ...to Japan!\n\nRT  \n\nLenticular clouds over Fuji    https://t.co/xWVSDFKAPF RT,0,,,
fuji,RT HappyLionTweet: Let's #travel...to Japan!\n\nRT Gabriele_Corno \n\nLenticular clouds over Fuji #Fuji #Japan http://t.co/HQlRZAnNbe #thetra‚Ä?0,,,,
fuji,Gabriele_Corno : Lenticular clouds #fuji #Japan http://t.co/X2hAIzWpGy (via Twitter http://t.co/k1vJC1VlwR) http://t.co/QWhnZxn3xd,0,,,
fuji,Mount Fuji lenticular clouds.\nExchangeZones - Google+ http://t.co/4IO3eJfwkB http://t.co/kXPCjlMRtF,0,,,
fuji,Lenticular Clouds over Mount Fuji http://t.co/Ens2NegLfe RT @EarthPixDaiIy @eutimioortizte1,0,,,
fuji,RT @DanFMillerArt  Lenticular Clouds over Mount Fuji http://t.co/Z2UhA1w6B0 @EarthPixDaiIy @eutimioortizte1,0,,,
fuji,@Giaa_Manek #Didu lenticular clouds over mount Fuji#Hope u like it http://t.co/Kop2ACdeM8,0,,,
fuji,Gabriele_Corno : Lenticular clouds over Fuji #Fuji #japan http://t.co/ptrV2Z7qfu (via Tw‚Ä?http://t.co/jpkoK7e08m) http://t.co/FSJmNN7OvA,0,,,
fuji,Lenticular clouds over Fuji ...... #awesome #amazing #cool #colors #magic #Majestic #dream #dreamers #zen #serenity‚Ä?http://t.co/cAseyNWKmp,0,,,
fuji,Earth Art? \nCloud Art?? \nOut of this World Art!\nFantastic pic\n\n‚Äú@Gabriele_Corno: Lenticular clouds over Fuji #japan http://t.co/SG0udOMjZV‚Ä?0,,,,
fuji,@TheGrizzleGrams @carvalheucilene @LO2BSH @TuTulsa @Crispi66 @mainzina @AdamsFantasy Lenticular clouds over Mt Fuji . http://t.co/1ZwVddUujq,0,,,
fuji,Amazing shot of lenticular clouds above Mt. Fuji üóª \n#photography #natural #beauty #Fuji https://t.co/ZQmd7nmAbI,0,,,
fuji,HoopsIconic: RT DarkANGEL_1903: Amazing shot of lenticular clouds above Mt. Fuji üóª \n#photography #natural #beauty ‚Ä?https://t.co/rbFgVTwqRD,0,,,
fuji,Gabriele_Corno : Lenticular clouds over Fuji.......... #Japan #Fuji ‚Ä?https://t.co/nohalM6Iwu) https://t.co/c4DLOd8acc,0,,,
fuji,RT @Gabriele_Corno Lenticular clouds over Fuji.......... #Japan #Fuji https://t.co/LeQ923nJqw,0,,,
fuji,Just Pinned to Travel and the World: Mount Fuji lenticular Clouds https://t.co/1fsvsx31Bq #inspiration https://t.co/6DflBJC5zY,0,,,
fuji,Lenticular Clouds over Mount Fuji https://t.co/5t6C3Ftqxb #Mountaineers #FlyingTraveler #adventure https://t.co/y9SIdXdYv1,0,,,
fuji,"Lenticular Clouds Over Mount Fuji, Japan... \nhttps://t.co/nRrGWAQjZM https://t.co/h6POYotxCx",0,,,
fuji,Gabriele_Corno : Lenticular clouds over Fuji #Japan #Fuji https://t.co/7W2cN1lRtq (via Tw‚Ä?https://t.co/K99jtbMU6h) https://t.co/1ayasqQVLQ,0,,,
fuji,"A beleza da natureza: Nuvens lenticulares acima d Fuji ""@Gabriele_Corno: Lenticular clouds over Fuji #Japan #Fuji https://t.co/1lxPpKFnZv""",0,,,
fuji,Ë∂ÖÁµ∂„Å£„Åü„ÇâÁæéÈ∫ó‚ô•Lenticular clouds over Mt. Fuji in #Japan.„ÄÄ(11:08) https://t.co/wzPymnnJwQ,0,,,
fuji,Mount Fuji lenticular Clouds (japan) https://t.co/ahXpC1xMlY,0,,,
fuji,"Lenticular clouds over Mount Fuji, Japan. https://t.co/paAFb7Ygp3",0,,,
fuji,üëåüèºüóª Sick shot of Lenticular Clouds in Fuji - Japan. #mountains #fiji https://t.co/mgEkhh14Ur https://t.co/PEPklx08Nr,0,,,
fuji,Lenticular clouds over Fuji #Fuji #japan https://t.co/k0at5GnhAK #photo rt @Gabriele_Corno,0,,,
fuji,#Photography | Red Fuji with Red Lenticular Clouds | #Landscape | Please Use https://t.co/lTS9ZmWdWS http://t.co/oxkuPn7EQ8,1,,,
fuji,Red Fuji with Red Lenticular Clouds by Yuga http://t.co/A9lQoaOaeX #500px #landscapes http://t.co/deh0Bgf0sH,1,,,
fuji,#landscape #paisajes - Red Fuji with Red Lenticular Clouds by Yuga - http://t.co/U2kuJakB0I http://t.co/NlHYa8RH3J,1,,,
fuji,Popular on 500px : Red Fuji with Red Lenticular Clouds by Yuga #Landscapes #updatly http://t.co/Ylzxirs5bw,1,,,
fuji,Popular on 500px : Red Fuji with Red Lenticular Clouds by Yuga http://t.co/951NR07efi ma‚Ä?http://t.co/A0vuDLJN1u http://t.co/RVzg5nQxU2,1,,,
fuji,What a beautiful World! : Red Fuji with Red Lenticular Clouds by Yuga http://t.co/eExePcVX8Q,1,,,
fuji,RT: Popular #photography on #500px : Red Fuji with Red Lenticular Clouds by Yuga http://t.co/mB2ubXkqrB via @PekkaPuhakka,1,,,
fuji,Ôº†snapharmony : Popular on 500px : Red Fuji with Red Lenticular Clouds by Yuga http://t.co/rwDNxAS2fA,1,,,
fuji,Red Fuji with Red Lenticular Clouds par Yuga http://t.co/gDlDIPx0XM via #photo #landscape #amazing http://t.co/3cNHTIPGya,1,,,
fuji,Red Fuji with Red Lenticular Clouds by Yuga #photomonde #worldpicture http://t.co/Px2M1rjZRE,1,,,
fuji,#landscape #Photography : Red Fuji with Red Lenticular Clouds by Yuga http://t.co/WvPXTsVpwG,1,,,
fuji,ninhtran09: Red Fuji with Red Lenticular Clouds http://t.co/0WEntpihfg http://t.co/b3i4T2jMKs Yuga #Landscapes‚Ä?http://t.co/U2gcLXtRtf,1,,,
fuji,"Red Fuji with Red Lenticular Clouds, foto de Yuga. #ViveTuPlaneta http://t.co/pw3GQfmdrp",1,,,
fuji,Ôº†ZaibatsuPlanet: Red Fuji with Red Lenticular Clouds by Yuga #photo http://t.co/kZlSmyobAd,1,,,
fuji,Red Fuji with Red Lenticular Clouds by Yuga - http://t.co/8WNebgDFDv http://t.co/Ug4xjd2OCE,1,,,
fuji,Red Fuji with Red Lenticular Clouds by Yuga via @marwanco http://t.co/hD9aAgu11t,1,,,
fuji,Red Fuji with Red Lenticular Clouds by Yuga via @marwanco http://t.co/hD9aAgu11t http://t.co/8Qw51Ivt88,1,,,
fuji,Red Fuji with Red Lenticular Clouds por Yuga #FotosRed #Fotograf√≠a http://t.co/8622APAsGW,1,,,
fuji,Red Fuji with Red Lenticular Clouds #SiguemeYTeSigo #TeamFollowBack #SougoFollow http://t.co/QblI7iuQrv,1,,,
fuji,Red Fuji with Red Lenticular Clouds by #Yuga Popular on #500px. http://t.co/pgnuLOoGZ8,1,,,
theme,post_text,label,,,
refugees,@mefbama @Smittyshs And orphans!!! https://t.co/oB6Kai68nQ,0,,,
refugees,https://t.co/KCmYV4tvS2,0,,,
refugees,"6 policiers allemands bless√©s par des migrants musulmans aux cris de ""allaouakbar""...\n\nhttps://t.co/6ie1XVHJ5z https://t.co/nhAxMLjSlO",0,,,
refugees,Deutschganistan... ISIS supporters attacking German Police. #tcot #ukip #EU http://t.co/I8vJuZZZg3 http://t.co/qHt7A1dLQR,0,,,
refugees,"RT @backatone000: Radical Muslims  rush into  churches in Germany, Scream ‚ÄúFucking Christians!‚Ä?And ‚ÄúChristians Are Shit!‚Ä?http://t.co/ttb5‚Ä?,0
refugees,RT @backatone000: Radical Muslims  rush into  churches in Germany", Scream ‚ÄúFucking Christians!‚Ä?And ‚ÄúChristians Are Shit!‚Ä?http://t.co/ttb5‚Ä?,0,,
refugees,RT @TGSNTtv: #GoodbyeDeutschland #GoodbyeGermany is trending right now as #Islam &amp; #Judaism puts the final knife in their backs. https://t.‚Ä?0,,,,
refugees,Willkommen..!! http://t.co/yLvLNMr1pW,0,,,
refugees,Bienvenue en Allemagne  https://t.co/GEYeww6gz5,0,,,
refugees,RT @Megafauna2: @AmyMek @anonym_exmuslim @creepingsharia @barenakedislam @iammrsc THIS is what happens when U let in 2 many Muslims! https:‚Ä?0,,,,
refugees,RT @TGSNTtv: #GoodbyeDeutschland #GoodbyeGermany is trending right now as #Islam &amp; #Judaism puts the final knife in their backs. https://t.‚Ä?0,,,,
refugees,RT @patrick_le_fur: Tout va bien en #Allemagne Mme Merkel ! Immigration = richesse ! La France accueille les #clandestins √† bras ouverts ht‚Ä?0,,,,
refugees,RT @Paris18__: Des drapeaux de Daesh brandis par les nouveaux gentils migrants devant la Police en Allemagne  #Bataclan https://t.co/xXRP5o‚Ä?0,,,,
refugees,RT @TGSNTtv: #GoodbyeDeutschland #GoodbyeGermany is trending right now as #Islam &amp; #Judaism puts the final knife in their backs. https://t.‚Ä?0,,,,
refugees,"RT @backatone000: Radical Muslims  rush into  churches in Germany, Scream ‚ÄúFucking Christians!‚Ä?And ‚ÄúChristians Are Shit!‚Ä?http://t.co/ttb5‚Ä?,0
refugees,RT @Balvenie01: Des drapeaux de Daesh brandis par les nouveaux gentils migrants devant la Police en Allemagne https://t.co/ynrCBxRYbr,0
refugees,RT @PNerval: Admirez les sympathiques visages de ces chances pour l'Europe qui n'ont pas h√©sit√© √† s'enfuir l√¢chement de chez eux. https://t‚Ä?0
refugees,RT @Maria10303097: http://t.co/Z244QcFv0S,0
refugees,RT @Paris18__: Des migrants s'en prennent √† la Police en Allemagne. √áa commence !   #COP21 https://t.co/duI7nIrlla,0
refugees,#refugees wait to enter a refugee camp in Gevgelija #Macedonia. For @nytimes @nytimesphoto  https://t.co/sczah03cMb http://t.co/XeX2aKLUdh,1
refugees,RT @Samuel_Aranda_: #refugees wait to enter a refugee camp in Gevgelija #Macedonia. For @nytimes @nytimesphoto  https://t.co/sczah03cMb htt‚Ä?1
refugees,RT @HumzaYousaf: For those think refugees come Europe for life of luxury -does this look like luxury? We wouldn't last a day in camps http:‚Ä?1
refugees,RT @HumzaYousaf: For those think refugees come Europe for life of luxury -does this look like luxury? We wouldn't last a day in camps http:‚Ä?1
refugees,RT @HumzaYousaf: For those think refugees come Europe for life of luxury -does this look like luxury? We wouldn't last a day in camps http:‚Ä?1
refugees,RT @BabarBloch: Hegyeshalom"," #Hungary: Refugees long walk to freedom. #Europe provides sanctuary http://t.co/b093HjKA4A""",1,,
refugees,"RT @BabarBloch: Hegyeshalom, #Hungary: Refugees long walk to freedom. #Europe provides sanctuary http://t.co/b093HjKA4A",1,,,
refugees,RT @londonorganiser: Ever get the feeling you're being had Europe? http://t.co/shIVo0S7RZ,0,,,
refugees,"RT @Surfermom77: So far this Yr, 500k migrants have arrived in Europe\nMajority(75%)Muslim men 20-40\nAre they all desperate refugees‚ÅâÔ∏è https‚Ä?,0
refugees,RT @Surfermom77: So far this Yr", 500k migrants have arrived in Europe\nMajority(75%)Muslim men 20-40\nAre they all desperate refugees‚ÅâÔ∏è https‚Ä?,0,,
refugees,RT @NordStormRising: The true face of #SyrianRefugees. https://t.co/BTb9KWxlLw,0,,,
refugees,RT @ColinWallace4: @davidwebbshow Facial recognition nabs ISIS fighter waiting to cross at Greek border as a refugee. What more to say? htt‚Ä?0,,,,
refugees,RT @ColinWallace4: @davidwebbshow Facial recognition nabs ISIS fighter waiting to cross at Greek border as a refugee. What more to say? htt‚Ä?0,,,,
refugees,"RT @kurdistanpolicy: He fought against Kurds 2013 as ISIS member &amp; now he enters Germany as refugee. Infiltration, he will be a problem. ht‚Ä?,0
refugees,RT @kurdistanpolicy: He fought against Kurds 2013 as ISIS member &amp; now he enters Germany as refugee. Infiltration", he will be a problem. ht‚Ä?,0,,
refugees,"RT @JovenEuropeo: Laith Al Saleh, comandante de los ""rebeldes sirios"", se viene a Europa como refugiado. Caballo de Troya. http://t.co/UIAa‚Ä?,0
refugees,RT @JovenEuropeo: Laith Al Saleh"," comandante de los """"rebeldes sirios""""", se viene a Europa como refugiado. Caballo de Troya. http://t.co/UIAa‚Ä?,0,
